@00000000 3843F0D87C 195D041315 4ED7EEAFA1 68541E14D9 039887B72A 1B305898D8
@00000006 03789205AB 69A49ABB27 56C2FBF877 18BFA49329 0101E7DEE3 788F7C6824
@0000000C 120FC72E4A 150237E804 2DA6F4B102 60825CB917 3CA00F11E5 79F4AB2953
@00000012 525E1DFF83 15453AD19F 574C89E121 5D2A7390DC 054EA1EE98 23469A53E9
@00000018 08B3E6ABFD 7FEE9894A3 1EE690746B 674DF43593 63132230BE 2236235B9B
@0000001E 2B15BB52FE 356A921474 76D7D750D5 65D3BD4440 1C107BD248 485F75F654
@00000024 4DF744A477 1A4976B699 2170D57CD9 6313482362 306ED7DF22 620B4F5DD5
@0000002A 64C90C51FF 772C647A68 1B6A62FAFA 6124852987 5969159D00 69CE4AC14A
@00000030 69FD2681AB 0F4D942228 1087FD2CD0 65D1DF2E8D 7440F63306 59C3CC5824
@00000036 365E17BF0A 7684FC9794 68868330EA 489EB1DFDF 2360A29146 5B4FFFC8C8
@0000003C 3D5183B830 1F5E8FF1B5 4AC5C39AE2 7865D69967 54969F5A7F 36D266CF46
@00000042 721C1B23D6 283C40D666 673C87756F 426512D553 6E94C618B4 67B2A63C9A
@00000048 4375A8DB6E 3DA0D55AEF 13F4BA9EFC 356AB3831C 69A209588F 5D061DED51
@0000004E 030ECEEA12 4B15EBA93B 55F3FB73A3 77EB38C4FE 5AA1E4B841 483639F165
@00000054 70298879B2 62FDB26AEA 72A328F9E7 622D7A0871 38B72388F8 064C62C0C4
@0000005A 3E6F65584F 34AD9D87F5 6526AE72B7 7743C589DA 67B086C7D1 02973692F1
@00000060 4E71FECC8D 56B771AA85 65652E41AA 6CF789435C 19E648075C 1CB07DE2EF
@00000066 4FA293A373 1A86279DF2 0E99889594 4354CA09DA 599FE9A8E9 3B0D8A8205
@0000006C 741956DDEE 6BFF9101F4 3DB96A310A 6D237ACF33 0B0384A551 7621C32B4C
@00000072 4DAAC7F783 0ADEF73687 1A0990AD85 79277D9396 0D547EF5BC 490352717F
@00000078 3E86C321C1 6DF2378D6B 191253C9E7 2CEA78CC3D 6C4197460F 3503AD259D
@0000007E 4C966DBC2B 5A09BCEE0E 4DEC209EE4 4858BFFF20 7D3E1C5E28 3FA5A8D15A
@00000084 301EF457A6 0B732C9034 192D3FB097 6B902CB467 4B43898419 36BA3FB90D
@0000008A 2A54E5986C 6F6CE5D93B 5002501FEC 7508B5B256 6BEC51CF3D 0080D178D4
@00000090 3DC7F3715E 3F0998E818 2896011E57 707E9F4D3A 30686A1374 7B74FEA741
@00000096 2ED101C891 0749F14817 524A20EE81 3A654DA498 7857798970 1917236BDD
@0000009C 2DDF59BAD8 1EC8B61C3F 6436F339EE 79ED40F8C5 53D4EB5AED 2041811F07
@000000A2 4894EA4B6A 2696309EA5 7480F2C3DC 0EEAF8D57F 364D9D4BCD 55BC836A9D
@000000A8 21F75A79F2 46FB05AD71 5D703C60B5 21C54E5E73 266FC54660 7341111609
@000000AE 196E4DBAB7 3660B4176C 62FDEA0A6B 3A2F8B29C5 3C3810BF3C 10478E245C
@000000B4 2DE5ACE7A0 5D71E91748 6AB729FAA2 162BFFD438 2BF60FAFF8 5440303558
@000000BA 7A64A10B88 45B02EF043 270491F9F0 24B05EDD28 56D4C2B911 4A759E73A7
@000000C0 5A6A486641 5C8B1CD3A3 60B21D5197 38000AED0A 3D608B9CCB 2E1759A671
@000000C6 0D1E0DE821 4ED315BF08 719261083C 1BB90D204C 51AF287CF1 62D8BCAF5C
@000000CC 7E3685202D 6B148B8ADF 68E4BE9774 254629EAA0 416A259AAC 0D8B445A8A
@000000D2 4CB0190175 394F968205 5EA7984DAD 699C7313F6 6F61CE2CBE 5F73F5BC90
@000000D8 04EC9B6257 7BDE757883 0C0774965A 3A79B3F255 0E5815F14D 02804B7E40
@000000DE 4F0AF67188 535856663F 2274F8EC71 57DF29C32E 2B3CAF0034 7F71A5637A
@000000E4 657667C7EF 0E32A29E50 6A842841ED 6ACC920051 10A04B6F3E 1CA0C03CEA
@000000EA 65F6FBA00F 426DA389C1 4309EF19AF 51F7880807 4CAA246395 3B201AD234
@000000F0 7E2CC856A4 36E837F433 58EFF12568 6D6C260481 3841C68B51 6A9E468D51
@000000F6 317CFF3EA5 1D71DE748A 73A1C81E5E 41296C10E3 041FCD1B37 556C52F2B4
@000000FC 7645686B62 5C8DD63317 537FD6AB9B 3909C30A50 080CFA1D0A 451C08481F
@00000102 75AD30B4C1 53D818DEDB 7505796F8C 0EEBD9CB40 272ED653AD 2C2513BE8A
@00000108 23DE1B305F 377D7C6D75 3AA0D3FBE2 37913D0B7A 743A87F8B0 21ACF7FD61
@0000010E 1B2D65F4B0 4CA20B371A 7E23FCCB06 64B4D477C1 78E0FDB46E 474B8CBDEC
@00000114 358024E80B 641F441A58 352BFED722 69118B0C65 7999C03A99 661801B696
@0000011A 7413160862 490E8FD0AB 34B11A5CB7 2C75E8BB1E 105FEFA860 04729F67F4
@00000120 67DF0E4AF7 4DA3DD5BF1 362D3DAE04 334FF0517B 03F2EEBCDA 0F1D93CDD4
@00000126 1A13B6D8AF 66F9863987 0C5CD24021 3ED28464DD 355B00BA7E 0F4E896A01
@0000012C 4502F5E0EF 23163F1945 16ACEB015C 47C1C8BB09 6B57C59836 67B0B3EE1C
@00000132 26FB850820 36A3CE5BD2 031D52D8D1 48A711F599 642EDD8D66 7EAC7DE8B9
@00000138 7751CEB481 33AB4462A1 322B61A3D2 7CC4FFE864 6AB3FDF575 44C0D64326
@0000013E 22488FB2CD 776A99A5DA 53F4958B7A 171431279F 02613705B4 2746C3BBC8
@00000144 3212CD36E0 63A1AB0D34 5E9F844276 1AFB192421 5C270A9E79 0DEBEE049A
@0000014A 720C963AC1 1F0B3C93EE 556F864938 7CB7726F7C 04B44B85BF 02BF487EA3
@00000150 791C593354 53DD2DBBB2 5D874830C0 2489D54764 7BE4C460EF 49D3B54CF8
@00000156 47B59FFF9D 774FF7E10B 133E2390B6 167BDA2EA4 622B5CD0B1 5E5230A2CD
@0000015C 22F9F4FD71 68511DA831 5791536507 316D67E4F1 1E11C4DFDC 2484702EEB
@00000162 596D642597 508C9CC1D9 73D1E2DECE 56F5FCB3C6 517EC76FBF 324DD98973
@00000168 30B49DB2BC 6B4AD2610B 3EA4603A37 3528666AEB 12D4EC28DD 21D5BD4E76
@0000016E 1BDE4CD12D 38EDD68736 59F164E8B9 7447DDCFA3 393CC407DA 0B065D7069
@00000174 349EA81184 00EDC59219 1741723AA0 0B0632D412 475FBD0421 17315DE13F
@0000017A 63CA5622B2 0F4467255E 02552F6236 6430D8FA26 2A59F93B89 4B77F41971
@00000180 77DA06CFB0 3949FD2B9C 6DF0444C6F 1D686E596B 6AC1914F42 61787E82AB
@00000186 3434928A45 0A02471F48 42D589C31B 0C399A0C8C 315D5AFC71 10A98BE139
@0000018C 62943E8524 75B5E5C51E 2427A35849 4E5440F554 49C31EC45C 15E27B495F
@00000192 30C5CFAC99 0E59D611A4 1390213ED8 5870DE7BAF 0187649EF1 7C6195B65D
@00000198 5C1D82F299 090953E378 41F0017913 5598A9FBAF 0FB5EFCC7B 6A8DA14649
@0000019E 60FF306A06 6AFC879AA1 67AB212605 686562E654 45D01CD54D 1B9AF0A1EF
@000001A4 21B978A7BE 35506FC69B 571DECDC88 4D96BB6200 56C2CDE6CC 06957DC563
@000001AA 6CA121BF95 4E439C84E1 0EE6A09A84 5FA6F3E5FC 5B7760A54D 39C3456558
@000001B0 6122DEEDDD 36DF553C70 3C76DF2D67 67272FC02C 7D3B9552F0 2408D3DE31
@000001B6 20A97DC754 1B3C3AC46A 4AAFD51218 2F6443D6F2 64EE05499D 7FF56E6408
@000001BC 3C90B4D3C0 1A69C52041 7FA52DE9F8 5EC2E821C4 24FA2A72DE 7581799E21
@000001C2 52F0E1F924 05C4B1AD95 694D040A4F 3CEAE71071 106FBEAAD1 32FB4ECB8E
@000001C8 2E885C554A 731226B05D 1045F967FA 20DF66AED5 2116896019 4A503A2661
@000001CE 0EE32544EA 4D4A172BB5 10A9B13D1B 382AF3C328 7CF77DDAA6 1D260A4EF0
@000001D4 767D1D0B3E 3671090D70 546C9E212F 053781CEC0 15804C1ED5 408A645245
@000001DA 2FB2307E63 392CEC5523 1652B7878B 78637E6F21 37501527FC 1A902CB0CD
@000001E0 119FBB785B 29632A5630 5D72C99138 3BEB313661 016B3D2816 1DA99B2033
@000001E6 42FCD18440 30C90515F0 48163D54B0 01531B1181 4244611AD9 6C04A81EED
@000001EC 2A49D270A4 0DA1174186 23601515C1 1799B0DF63 5CE2D7346C 04B8EF8E17
@000001F2 42014E9638 76F6461C5B 7B68FBDA45 6C89CB338C 1737947B29 19A323B379
@000001F8 5CEA7D94F3 7C00C26F41 128707145C 462A842DA9 4196FF70F5 0958B97A56
@000001FE 1CD424636C 2BA7DC199E 6EA56F65A9 63601B7741 7678BEF73D 3117241B21
@00000204 6B3AD4C966 5F330B501C 3E90C1EB98 13D5257458 0C6C7278A9 67163A34C7
@0000020A 067D91B379 0D3B82DFBD 65ED732C62 1150084D63 7275B4D4B9 0E5271BC45
@00000210 663122206F 29A7EC8F8C 1F1BA8EDF3 1C30B8D785 54992B06BE 2C7B7F480E
@00000216 52798BD0F8 0AC0447880 32E4ACE606 35B81365FC 29AC2F409B 2FFE86FCCF
@0000021C 574526E86F 543AC83EF9 44A1137890 2ECF5A1307 64B9FE88E1 581C4E5B52
@00000222 03E69377A7 2F10C3ABAD 5D943BD54E 6248497458 7CA117E510 745D4C4630
@00000228 5A9959E3D1 0D6827E2E3 54F71C4F9C 1F42E1CEEC 1B0A7200F5 33535A12ED
@0000022E 190179D068 665B0BE288 59DB3017C6 266C91E0B8 1666E8F162 186A2BD696
@00000234 22F4202456 4AF3829889 26B85FF920 307E470161 3E66ECFCAC 18DFEA34E0
@0000023A 2DAC60DF9B 4A81D90B71 2205019DBB 0A5E958AEC 0F3B9DDEC9 3B0DC8B434
@00000240 3F40B2CE4C 3BC6DA7125 42B01DBEEE 115C6444B0 08AFE085DD 47C379DF49
@00000246 6EAAA0D0F7 7DCF8E5C36 5428A18CC3 77D9847CE9 12FA1BCA36 15E28E2E66
@0000024C 483267CC3E 34E14655C1 0C5E8F2FB6 328020562E 10900C719E 57D6B6C85E
@00000252 795C880234 72D6CE7A2F 7E75BB0524 50FEA549B9 25999BEF9A 64BFEE7840
@00000258 6D0C0F2E94 1E54A6C5A9 5B5BECEAFA 17683B2149 44F9EC45EA 515B98B5C4
@0000025E 7C5050901F 07A6AAE61F 67BD93F745 5AC7B90DE3 55493EEC99 7E540AFE74
@00000264 560E67669E 66D3B2DE10 07C636E76B 6EDE4CDC90 2CF168754D 04A1336A3C
@0000026A 325A587790 60FA53D694 3CACDF5B5C 6CD02B1DE8 1421FECB92 5113ADF119
@00000270 3D90C8FC1F 772040D980 7F389D9A76 0F6435F71A 0495CB8470 4411808C31
@00000276 5F1A8252A9 1C4B9435D5 53AB2B8A06 37B10767E6 5A272A3F5E 5C108E8B03
@0000027C 759C06E865 1E1EB90226 2A9B79E014 3A48F5B4C3 2CB7C66833 3717E28060
@00000282 75F2E474BA 5B427B0311 0B40E1BE5A 1529A7D753 2CB1258722 2B8B6F00F1
@00000288 0A59CB7B80 0FE9885BAC 02081B88F2 5FDA379577 72C41D5C92 3EEF55269A
@0000028E 5ADE9AB116 3D0D834AE6 02670FA9F2 6ADE9F8854 4F757EF3CB 3D6B462A8A
@00000294 61E44D6DE7 6C2BE2992F 3838DF931F 6EB989D1AC 175C9E3146 577585D617
@0000029A 03DD343870 6F51CE9374 6306FFB1B4 0CD5A4C547 68BFE5843E 417C55FDBD
@000002A0 28FC004E42 03DDB342FF 59CBF43617 591EB17704 5D3CC014A0 662CFCC921
@000002A6 26B5CFF1F1 7F731E9F48 088151A439 16062E2E94 464258619D 0B8893726D
@000002AC 00BED5E6EC 7CCDE9D852 7FF18D2317 0E1E49FCCE 0A308871B5 5EB6533747
@000002B2 4D2A82EF40 5619E51308 786D4231CE 5BBD0A617F 4AEE403DFC 15B0954BB7
@000002B8 40E577A552 6B94EDF3EE 09ED02A945 036E5B05B7 23EFE26A8F 4405C7DC89
@000002BE 119330C098 1C595666CF 0B4882BEE6 2F73B88029 2962C25B61 6051F54896
@000002C4 743D00D70E 2C11808013 600DEA90E0 7A057C3DCE 5ABDCD0861 7546546C87
@000002CA 3AA4E7D9AA 5D4635E5E0 12AD12A75E 1127409018 17DCDDBAA8 3749E93311
@000002D0 5FB8ABFFAC 2CC7F12B74 12534267AB 001DC9A0A3 5FFE0FB0FF 5FF790DF86
@000002D6 2EBBEDBF31 2E062F144E 0BF54B3D9D 76C9D2379E 7EB6914E78 1214CF74EF
@000002DC 09F07C72A5 5BD059877D 6DAFE56866 7CA31BE8BA 33113804D2 5D5492C721
@000002E2 0FB95E3266 4D8F74B83A 0A021B41FC 7EFCFC178F 2ED3B6564E 66CF4E026E
@000002E8 4AC4BEBD44 57A3FFDAF2 54AD86B991 1F2125B627 2986F5BF0C 65F5D35C99
@000002EE 7883EF4F2B 377539FE2E 7FAB2C18F5 257D43C710 1FFF57665A 7FCDEFCACA
@000002F4 231A80449C 2D350442BE 223756E230 1D8B56BDDC 2F1DB5E607 7CBF53B791
@000002FA 1739DD6119 182D32E9BC 60F9CA2D34 32F517B2B2 3454DEE2B5 17DCF6CA6D
@00000300 65E56A7980 0D5B7212F2 769097D82A 24C03BE2AA 0F41A14C44 5F12E16B2B
@00000306 523BBA23EF 3BB7E3412B 2B156FE5B0 7D0C679373 528AD54ABB 54E1D4CDFF
@0000030C 40A961D000 57BB1EF25D 48B2F65C8A 272856A266 353E4ED89B 2E82C88715
@00000312 134BF46EAB 73C30A2A2F 422C4A27E9 39F2C4DD9A 4D234469C3 66DF631DFC
@00000318 3CE18D90DF 28F413B3BF 2612575F7F 1DA87B5EFB 72F42ECF54 7DF8694341
@0000031E 1BC5A8F682 5FF15A502C 6DEE7E77A5 198614FCEF 08C51F2FB2 42CB046358
@00000324 1B86D0A6C8 4420095DE6 4D5DC7D51B 070E9D37FA 3548F0DB52 4E37B094B4
@0000032A 1D40486F38 659B567221 4A47CF414F 16E79E1F2B 0DE402BC68 23C955EF03
@00000330 396CCB8D8A 488F91203B 6588DBE85F 00D2E63DBA 1309E77819 5F6DE30559
@00000336 2A82A25756 0357463585 4347C9C7EC 3B70D08780 1250467AAA 49C80D7A65
@0000033C 4E7B3937D2 52B1B5A558 31590DBDA4 6BF308C1C1 43EC4BEDB1 7A0D705362
@00000342 67C16E1DDC 7AB03CC9B5 0549B0F87A 2DD188FA9F 167E11EA10 0CF88A30D6
@00000348 180C0DDB5B 5EA7A4C9D6 46D494B220 02A20C6A40 66CAF704B1 326AAA84BB
@0000034E 67EA098559 0899E12D34 224B0D9F28 5516D0A10C 4EA1D857CB 0CDAD9E325
@00000354 05C6D897EB 6F1B0358AD 1E38A13A7F 42A0771C16 240C6A65FB 221620DA0B
@0000035A 448E167ABA 543DB4415C 50B89896D6 580A508FA8 189645AE82 53E7F5DB31
@00000360 7EB11AF6DE 6D0ECFA215 243C489DFC 68C4CC48CD 56E47EEDEA 476897945B
@00000366 08E469E373 18DA7E0A3F 669D5B6279 19D2AC13BF 6755AA4E57 3ADB992EF7
@0000036C 40DEFA3CCA 70D93654FF 129F094F54 6899E385F8 7372FD5450 3BD74DA99E
@00000372 176A4176C7 136FACED0B 7618B08964 599F3D45E3 31983EDBEA 061B3F749B
@00000378 1D2659FF10 702AA818AB 281A552140 663CA54A8B 0E46C36B74 593E23C8F6
@0000037E 4BB8E6EF93 44CC5D5400 5782AAC5DB 2D02552FD6 4FCFC6F5D7 63ED2024F1
@00000384 2E471F0864 37ABDE3E25 6A203D3EDE 4713711B47 7DC8B2CE52 029E21DD58
@0000038A 2345165284 1B35DDE25E 522158907E 0C6098ADC0 40162C81FB 4F11D264EC
@00000390 071F78B4D7 5ED2522BAB 74BCA0E12E 27039558D3 4CC4CF1289 0EF0ACB3B1
@00000396 7E46FCA115 1EB0E8EDDC 6954F8C8CB 4EFCE6510D 48AC6AE1F5 533633FE8C
@0000039C 60ABB1934C 5950B38464 4F00D82B9E 330DF8C878 1DECF5DD78 153BD11FCD
@000003A2 025883BD0F 2EF76AC72A 4AB6AEF5A7 678A7FC181 53CE1A9762 53491FD4A8
@000003A8 4280B81428 1F00C9009B 42C761CB77 2A6C125805 11CC60D858 4D5AC257D3
@000003AE 2F861F450C 0CCF2CF103 6086EB63A9 571D94B21B 4F608A493B 4D0B0AEDD1
@000003B4 2D32DCF066 12B0E51A14 53308471D4 1836C335E3 0693B4F7EB 67257C702F
@000003BA 7062029FF0 79E050FFC6 06E29349A1 54AF8762CC 7F595A06AD 708F9859E4
@000003C0 0EEA3E1908 74F5074F9B 68654650D0 5CB28B320E 2BDF6E3065 353B8E916B
@000003C6 2F173B321B 13DE9DD451 0F1BFE5DF7 05C2C3CFCF 43A1204006 256464FE9D
@000003CC 2CFFAEA950 53492FB5D0 6B93F8163F 70F92E0FDC 430F68FD81 46D8ABA753
@000003D2 0C09921698 5B4D4AF4E8 6078E5BEB2 238A6B5B70 2BF4611F72 03E8D4C56E
@000003D8 4C7544BE68 54EAE9280D 3533AC68BA 73C0F70D0D 1D03569189 122594602D
@000003DE 73477EDD40 2E8DABBEF6 4BCBC5E789 0734ED9EF5 44AB192AC7 2B681B609C
@000003E4 038F2AABC2 6FFBCD76AF 2C16F899CE 4001BE590E 484A419DFD 5F0ED39A09
@000003EA 6DE53854BA 46FFDF6EA3 3B30EB9BE3 573771B360 1119D64FFD 5FA7E6D894
@000003F0 0660CC645A 7EFB2196AD 1839BF7C48 67E27DFBDB 3D9ADD0ECF 6952441A99
@000003F6 15504FA86A 1614A1902B 5E07EDC0AF 1252C82111 25F4E674A9 6CEC0338B1
@000003FC 04490FF6A5 06EC1E5608 31C84B72E8 2EA99FBD51 51DD6A3F5F 28A0560325
@00000402 61AC5A4838 66EB618B0D 2270A8238A 61B58501E9 2CD1372DDC 3E69C94F1A
@00000408 61534968C9 7C68901878 72B5D8213B 29BFE80BAC 35815DFB99 4091517CB7
@0000040E 52046F7A64 77E0E97546 650065B15D 4FC3BC0192 232FA4BA90 05E64332F9
@00000414 3B17578AD8 4EA6AC9C4B 5E5BFD90DD 5B86DE3BC0 6C75C68EB2 3A03E515BF
@0000041A 04B9666643 2D4D6CCA88 5F0F4CAB75 12464D30BA 733AE27952 41D5A5FB21
@00000420 1BC5A649B5 34F3DAEFE8 5284374416 0AA39414F6 0E8C27609D 315883E5F2
@00000426 56B3FA0A47 623010A10F 5A255F99D7 068DFD63C3 0BBEEC4368 7D58D96872
@0000042C 07A6329805 3FE2732873 30D07CF793 5120669FBA 1889E694A4 62D25B2F3E
@00000432 5D6AE5822E 3FE94C09D1 496C035865 45F742ACA4 7C63215F67 21098C10EF
@00000438 4649A18B2F 3A01DF66FD 2F88404531 1720B83C6A 102844A9FD 61655D5788
@0000043E 7D1738F817 53DD3B8ABF 49A6820376 2CE18BD2EA 71400318E3 03729087E1
@00000444 55680DE75B 6BCED58FC8 2523028C9C 6EB2552546 42DC3C508A 709F3AB14F
@0000044A 38C068FE88 7D6AAE0FD5 161B8B4EA8 7C30CDE26D 1AEBD8569D 3476632F25
@00000450 67CD82601D 581667A4E4 2D212C83E9 23F971F48A 45EFAF2E00 0B41081711
@00000456 736D81626E 3C036F4236 2964BF6E69 6483768436 64D1F7AF2B 14C1D2918E
@0000045C 7BCA172ED9 2E9E526DAC 61F55C1D3E 7D0AEC66D0 197C96B32D 6F8502DCEE
@00000462 725FA691B6 568080CDF6 1BB3F8FFCF 151407D842 640F6F7235 17E6321346
@00000468 20F67B9C09 1E3BB3135E 64B7BFDAE0 1E08E1D705 0E35046F20 3394D3C4AB
@0000046E 3E408D66B1 3D0578A4C6 7C9B2588A5 72E239C2B0 713ED09708 6BB80B9B04
@00000474 3617F7257D 7C7055363F 27B462C950 794D587EF4 6F391F1E42 62772A68EC
@0000047A 04EFE2FF52 2138401EE9 34D19DBE07 59AA1839E9 4599246274 39E7C050C9
@00000480 06D88A284D 1EF344CCCB 39B133F590 5DA45BDA20 44AE17D42F 01E9193484
@00000486 2567A4BAE5 38DF1A5BF4 3A33066C22 28391D58F9 39E7EC7689 001BB8F482
@0000048C 7A4CB63E11 0C626DE9FA 06E234FA1C 05724F0D81 22C631FB1A 2822A9C45A
@00000492 0EEB647E41 7890DAE6B2 78984E8815 0B9F79EABD 7EDF76F901 092C97E316
@00000498 4BEA5A304A 4FBCC620FB 5F2949E7A2 4EFC4809A9 0E4D4458B6 66903A08E3
@0000049E 550227DFBD 7B6CF791BA 77800F82E1 76BD338DC7 7E3AA3B8D6 07B841C9B8
@000004A4 16176A506A 6B29970AE8 1857C8AFAC 7521BE8C4B 266F78BEC5 7B47857943
@000004AA 553D892A39 18946D172E 584FFB3779 11087DB85F 3966DF287E 7051B95A70
@000004B0 507DADEF9F 4D77289492 452B82783B 433DE3C0D6 256B640342 5ABAF8FE04
@000004B6 3A404EDA83 1A85687E85 1E4673D203 78E68F9773 5F196707AE 14A404DAD5
@000004BC 1113D1D690 4F668726A7 19E5954CC6 191CED264D 64DF673057 7D0858BB6E
@000004C2 78ECFC9F1D 7FEB51806E 18CD5C1603 5AA91FF8A1 5578AA6CC2 1CE0286BF9
@000004C8 6CB73F8EDD 288B3DDE7A 0BE3482FD1 20D820BF15 795DC56F30 2027DED10A
@000004CE 1F5BB15061 605DD90395 3AB329162B 57BEFACC6A 575CB50610 64F9F89CAC
@000004D4 25EF1B6646 26E75CE95B 3A03D3C9EA 750A5696B9 43B82930F8 5871AF9676
@000004DA 2137DCE00A 4FE949A10E 529C5BCBF9 5830081DD6 7AFBE1920F 5E0E49EB93
@000004E0 1709E3B638 7F1BE734CF 3C528A751B 5636CCBD33 3B2CA3744C 3A58FE053F
@000004E6 73C24EE0CD 0627021798 1B1115A3EE 1BB0644825 0E19D9422E 33A7749D0F
@000004EC 5229065021 028F622FD5 3684A928CE 790D56E675 40394686D6 4D7A2850DB
@000004F2 6FDDC9F182 7458914308 5BF38F1403 5001CFEA7F 4B99578393 7B695B5552
@000004F8 334E364519 297089B1DD 4FAE05CE2B 04D1F21FEC 18AE3FD6C9 558C1A75B1
@000004FE 3CC63965EF 2E0B013FDD 413650F892 22EE4E1ACB 0469E60449 6484A73C17
@00000504 215C8876E6 47E2ECAB89 30EAE27176 3704C291C5 4A53AC6354 014CC2D8F5
@0000050A 508066F1FB 3785B32DE7 51A074D7BB 6DD3740993 618C900BB8 52F3FF3C84
@00000510 7B2EB6D6B4 6B2E56C605 2D90A9AC2D 15301D57AA 09EF447199 48EF8BFACF
@00000516 1419C25585 77ECC9EC04 1155F0E0C6 6335B18372 4F53116A14 0D0804F220
@0000051C 131BC8F15D 4C6C94586A 23470EF17F 3EE448B74F 5C1802BF7A 5A78698074
@00000522 682765C297 12A9C1BCFD 2C134C7568 6B5A8DD656 1BA0DD8B47 7D5EEBAE0D
@00000528 27A417DC67 6602FF54E5 5E943FD0F1 6E29FF09A5 0DD8AE4675 71F4435790
@0000052E 21DBDA5395 64643D2B59 3C47735DFB 522A9AD446 64A21A6051 44FA46B611
@00000534 09E88DFA74 34D0FEF2F2 67D319ABEC 4FF9AD2EFD 1CF25E7B89 371800FAAF
@0000053A 73EEF49BAE 32C9E78F47 777598CD6E 1FDB7517C5 615F99AD94 18C06B0F67
@00000540 4F17EECF79 51C98547E8 3C111EBE0A 52FDBD9800 0BDBB78992 39B021554A
@00000546 1AD8D363B3 0667EE730B 5F2FC00006 316FB36C66 353943AE30 5327B47A41
@0000054C 63A720F192 51E81EB2BF 7BBE3B593B 4001609E9A 510F74AE29 47152D1686
@00000552 2F3D78DA21 1940C97316 3EE4FD17AD 7FF8E6EC28 00ADC43E72 33D9DDF0D4
@00000558 753534A0B6 770FE61F4F 4D2925FEEB 37E15C2C61 5E96698C95 0342A2C800
@0000055E 6532F975C8 11E999B0E4 6B007DC830 44DC9DA066 2CAFDCE440 2E2FE0A148
@00000564 6C3C9B3247 758C1B650D 14B9C62DF9 7140D79B5A 1034D0F2B3 65B9D5A78A
@0000056A 000CC503B1 4A7DD3863C 1364E62580 5087205F48 114F7C32E0 7AF530A5BB
@00000570 5E0D8E3364 1DB8A654FD 786D81C820 0574176BAC 193BAFCFB2 0E1720E293
@00000576 20DA21AC53 42D4279EA5 6E7647A6CD 55E9A03C96 11E2BB5002 559E382CDA
@0000057C 623A0222BA 7119F72353 7875C14627 37C809E86E 376C961B44 5894608A64
@00000582 5371B7B2B9 728FD6B70C 5C3DD67949 639E53A9B9 5C051AFA7E 55DBEC1198
@00000588 7DCD8461B6 7931079258 2A1AFCBFB5 1097A1461B 4F7D5F89F0 30B08F9984
@0000058E 66CA8A8A34 4BD312FADA 6D2FF25A6D 70E47EE7C3 44C1619EB9 52700C02F5
@00000594 23B31EAB1B 419A32EC0D 19774C469D 339BEB009F 2EAE1D9F6C 58208EA7A7
@0000059A 73E490C1FF 41D2247DBD 786A2C7207 4B7DAAB8D7 4FA8F82832 7F2B0987E9
@000005A0 3E33B93C72 4D61257DF8 35C87926F5 0EA3EA5E9D 33059596CA 6A307E00D1
@000005A6 31E37DCF1C 6C1C76E5B5 08262BBED8 44527BFED6 00F64F029C 0445F2AC84
@000005AC 632B89BEC8 2F07A2BC5B 2B0C2E6A7C 100BE02D83 2CF4A9472F 2ABC4F098B
@000005B2 546D79A2C4 5198C08B1B 4599755657 2E6267CE83 04FD9EEFC0 4D8CF5B6F0
@000005B8 124204ADCD 242AADC4A1 7F4A6CEC89 0E6C081CB3 22BDB34ED3 492029E7C2
@000005BE 5D0EAE2253 17DD0CAAB2 40F0DC4A4A 54A2B3D503 6845782C28 6DF539D375
@000005C4 5C488A5F39 2DC9D0EE82 27B96C58AB 1D5B279AC0 20A5FF76BF 1018BFECD1
@000005CA 2F6CC56065 2D2B2E8F33 677349196D 4F60927031 55F8728A6B 3EF6BE6EF4
@000005D0 2472C2F34D 75981F7507 546B253E56 25957FC3CA 58D5D769AC 259BB4EC57
@000005D6 771D0D062F 164D043329 5202FF2056 57194028E1 4B42CC1756 6C10C29264
@000005DC 5EEF652EE2 439283EEBA 612336D2DC 16F5E771EF 1D6D7A85BC 78069A93AA
@000005E2 5184FB4DC5 77018E3733 72EB31C126 7D9C1FEDF2 40E22B0070 493F67BE2C
@000005E8 709AFADB57 7B512B8B8A 1B9BC5E831 0061F72B3B 176483ADCC 7EA3955FAD
@000005EE 293A680473 7955792A68 384C83A5F1 2AF81C5D1E 0A8DCCEE4C 43CB0DBD65
@000005F4 314E994BF3 74851A6C1A 2E8684C109 6CC6772D89 2E05A623F2 6F12AFCF3D
@000005FA 531075E389 55DF8D0A0C 36F03BE767 17C91A4B69 2326F0CB68 36E77457A1
@00000600 59B21D5713 342D661E49 6CDF7433B2 60DCA5E2E7 0E1C34C1EC 7F3DA0A779
@00000606 510D58274C 37788F9EAC 612192B242 1E6F1FFF53 364BAD2E9B 5A012D69A2
@0000060C 7F1447BD4D 1E066F33BF 2FA2943616 10830EBE5A 611EAF0855 5A8DDEE812
@00000612 022CE03872 17F3444552 5DF4CC122B 647EFEEABB 7651B8D82F 46F4617A79
@00000618 397807C0F9 05C2B3B943 0033578513 0360A3D61C 5012800414 2B33B86AB2
@0000061E 16EA991C59 65ECCA182C 0799E8FADB 18CD69C4F9 35C89DC397 1FFC4EF66D
@00000624 7D5F8D38E0 2BD16BEB99 46D945C597 497C72CBB9 586FDF50C8 622E4AB1F4
@0000062A 1E89E5B653 74FBBD2082 3AA0EC79F3 2E64BE474B 7DB6D24FDD 050FC93585
@00000630 18F11782D5 727D2C4398 3CB796CA9F 4A523F0EF5 78A88D1C1C 0E69910E86
@00000636 4B3FA04E83 771B552483 19424AEAFA 1C4EDEA407 72FD7B3FBE 0CE6A082D5
@0000063C 482CEC8D17 7AC73D3AA8 24BED2A23D 5475A7468C 47B545C3DE 62B898BB93
@00000642 4D75A574BF 74E2B3D41E 51055428C3 59ABA42FB6 2AF629B029 725FE827B4
@00000648 6509F06B7B 2DCA04001C 0D73E94D4B 3F7C05D8CE 30B7A86507 7386244940
@0000064E 5B446B563A 1EB628A99B 4C7188B49B 7F32851E86 5502A144D3 45344B87F1
@00000654 7A7B27226A 2BC084E63E 4C2EF67425 2DCC2ADF20 627AD9046D 3D0317FD62
@0000065A 482119E529 7F1AC7E708 049F058BAE 447292AF2D 708601BC77 5CC6C2B5DC
@00000660 436E55C25F 3DF79718B5 5F7499A8B2 4118DD013D 75E6D48FD7 638F20D826
@00000666 5FFF280BCC 56A8FA30A0 7CA94D1CED 70788E8187 274714DE47 0EAFB2FD73
@0000066C 04124EFCD3 4CF361AA91 34535F3B98 384B6062A6 6D9C290F08 797065D074
@00000672 04973BC39C 73DCF3B0DC 5D3CEEAA3D 505DA443DC 035ECC4DC1 365979A4E0
@00000678 3023EAAA32 10BF48C19E 1DB0D26012 620A634B6F 31649000AB 50C39F3493
@0000067E 3A861BEF4D 024AE0E8DA 49CCE10AE8 69E6F6E7D9 60FB5B9F08 5D60224650
@00000684 610580F699 60C9FB5346 20802C8711 7E232B6555 20EE784A41 5C9798CDDA
@0000068A 4930EFC490 61974E03D0 1640915E02 4F07E551E7 014576688C 47BC11C196
@00000690 596D43CFA5 57FBE6D15B 68B9E04724 432F5EE9DF 5210545EB3 29C9AE1C13
@00000696 6902CD6223 593DD15028 1CE93F21BD 2A84D27774 28A694B114 61EF896971
@0000069C 56BFF8947B 46E1E4BB31 23B8050922 5B2018CDBF 439C40E4AD 0D395E225B
@000006A2 4D9B78F174 24174C91D8 64C7A4D456 62DDFF91D9 764E468C26 0A4163A5F5
@000006A8 14277690D5 5CC4A3731D 6B9B51F691 795476F63A 3E27393C64 2C7BE597AF
@000006AE 2DCBCF488B 6C74003B64 72B7B5B8CD 010F8384EE 09AA45E7C2 35A272D435
@000006B4 2D2A81C097 32AC22684E 0C17F949BB 449A5A2F5E 5ED2C7945C 0A9F53E879
@000006BA 2046BC7078 360DADD764 10E0A3257A 5904A43EEB 0808B36738 33D02B254B
@000006C0 14CC6EFBEF 75899AB000 780418DAEC 00110AC395 2B7F59D91F 2F4F3C98EA
@000006C6 1778A3E585 389A3FA361 41F05E519F 334CD0890A 17184C8CE7 14D7FB27BF
@000006CC 0E7FAF90F0 2D9195960F 0283A635A1 378CB99C25 4E9A645F6B 58A33ED20D
@000006D2 10713619B4 3C2EBE303B 15C35ED693 3A859C0CAB 76E7B99973 43FFCA18B5
@000006D8 3DA614C3D5 1A0408810E 410375C95A 30091CBCF9 50FC9A76BE 55F8A879B5
@000006DE 3B6C72D68C 0222D58ABA 52A648B064 03E792B423 0DD8C969B9 30AD492FBD
@000006E4 1FF449E52C 35AD1FC1D0 40C0208E0F 390F40B023 34E30866D5 488B0B7C1A
@000006EA 7CB3E456CC 7F5BD2B955 0F0E4A94B4 0AFC81DD15 138896E3B5 692B87BA59
@000006F0 2885A4E161 7F3C336C01 55495D4A09 335D05620D 6DE44C249E 6205DE5F4D
@000006F6 47C38E4727 4D6578A552 3801E900E6 2C7FA81622 2FBF1F2C02 18126CE92A
@000006FC 1FE08E95CC 72B2B34E26 22C93B5712 34A35B9CD8 19F757539B 4AB6F6DF46
@00000702 62802170FA 35FC0EC813 7D86842F94 1EDA373A58 4735117108 73EB7A5D3F
@00000708 0A373102F8 56F39D70F8 3137BB744E 5C3279188C 37A4429F15 11CCE7CCD5
@0000070E 0425159DF8 1DD446EFFE 7C44440786 63327DCB64 4482F4B5CB 3F4C450D4C
@00000714 04E22B8114 002072A1A9 4885C489F3 5C704EFECB 03C0A38C82 1657F34584
@0000071A 5D5F8BD390 545877AAF4 58236E3A5F 5CDD3DE80C 47A4591ED4 502AF0216B
@00000720 69085D4A2C 3563FD5462 23D8258B6D 71E8BA68EE 454756BA29 356DE102D7
@00000726 011DF2039D 24F6E7D2F6 20A0B21CD4 7985F471C5 3D4CE9D404 1069487BC4
@0000072C 243BFDD114 40BE7AF633 725150BF25 458256AF9B 63C6621A7C 2126742FBC
@00000732 04B8F1A5B1 5ABEFBC686 493EAAC94C 793B64D412 33316B64C0 1C1EAF9E12
@00000738 2D6D023CD7 339498C42A 544245D0D1 1345BDE902 43849E852F 447D467CF2
@0000073E 6A370CF950 3B293F4D80 1D576B8C11 43619DD6FA 2414453852 080394544D
@00000744 1B34456C5F 340898A0A4 2BA46ED0DB 4BC77A6B47 2B06C31E78 6A10298635
@0000074A 2A7BA044F7 3A08FEA7C1 222A81E644 277380D294 314EF9E155 6E5CF00B83
@00000750 356F632632 30B15C921E 0752A7FA04 302750A558 450811B66B 1E3F5C0B13
@00000756 53ADC0FF61 48028EBECF 7C60D31702 68BB418D9B 77ADC67674 1C1A3D525D
@0000075C 3FE8B81481 0AF99BF1B6 78F54F7DF0 5B82F43567 2EC630D950 6B203A28E1
@00000762 0C974D5F56 3B2A399D82 58C47A4122 7CDD3058FE 156F902350 4F3284CCD7
@00000768 3EF00AD48E 0320F8F82D 58964B3D8F 3F19B4FC5C 048374B8FC 5C9625DDEB
@0000076E 5B238F2315 7EA15DB660 5A6AEC131F 3E8D3F5D3C 28CA3D8595 738D1F3E3A
@00000774 7D4758BF77 7CD8CB2715 11C122215F 5075687477 66F46AE14D 489613D43F
@0000077A 52A64571C6 0F96F607A0 66E131F7C1 41C5FFB263 6F2067F0F0 48A288A826
@00000780 29C2BE18D0 0A145315D1 582632441D 359EDF9D24 56B513DC8B 6EAF4ABE3C
@00000786 41E2CCDB0D 0AB8417574 266F24A0A8 7580063A71 68C3C79E3C 1616CF1A3C
@0000078C 61BC3A974C 47D4CD464A 540E5F2A32 733AB4766F 1013C43F54 0CDEFDB1E0
@00000792 42AAEA80D5 3758891469 10FE66555B 334F0E6861 608621A42C 5ABD67620B
@00000798 01F311F7F5 022D429472 367998047B 6A635B4F55 0B5CAD3E28 6688056BBD
@0000079E 6B0EE09B3C 13B6E4C7BF 6D35137C14 2901EDF4FA 2A665476DB 64C862CBD7
@000007A4 574994AA5D 17D84D9B94 2A404F740D 59D4728D29 110DAE7198 2EE4716F91
@000007AA 0DF92E7CC2 1EE92C0995 6B0EB86DEB 4027CCB280 0F0473338A 573AB4A3C4
@000007B0 49E8F0CDC6 1F7F5EFDC8 3DA556385F 094BC121C3 348399C1A4 293FB2F261
@000007B6 68EFDD3456 69E00C5303 6444E541BA 1D76510100 5F9113CC86 293084828C
@000007BC 6CA09DF9C8 3A5B4862B4 2D86C7DAB3 4E9B26BCA9 2B96731CD8 161F5273BF
@000007C2 49F5E02F6D 11E9348D2F 4C4B615C67 22CC809D7C 3B1B9B0B43 3EAAA89909
@000007C8 2D86939721 20603FA749 438AE2CC9D 2684B70008 02A27EE6E2 4D7FB677CC
@000007CE 6FD9A6D873 4F384F71F8 5C04CD81D9 65B89979AD 7A77796107 5806FC1E85
@000007D4 6402D44119 5D8F268B96 3A50CD9221 5453D745DD 7B913D1366 4BF59A7619
@000007DA 048509B0F0 46CC57FEBA 3B0EF48F4C 2EAD589A43 17BE318B5E 045C0E18D4
@000007E0 3DA1C7B0F6 43050410D3 26AD18E084 66278726F8 53F9DDF4AA 0872403BE2
@000007E6 6CB5761EDC 29E2869FAF 7E43C27B77 51346AE49C 7F4FD9F8EF 63E62C52EC
@000007EC 44887D8100 1BE818227B 027B723ACE 660BCF00A0 6EA2ABC81E 184BBC5BDF
@000007F2 13803BC09E 0CFAEBE0E7 761DEEB25E 798F069855 280B2A32D9 512BA5D505
@000007F8 044B05986E 49AC8D2387 2D49D79933 566674E790 4B6788B478 46A6B9021D
@000007FE 126DBC0427 0D30F4C893 7CABF1234B 5DB97AF81F 786CCBAF8F 7621ED07AF
@00000804 59A8101358 2D4E275893 3AEABBFFF0 6592228C6B 1372022D12 64B926EDFA
@0000080A 58AAC92552 527FD8DC7F 1624EFBF34 46F0587227 4B65F0AA4C 412008FE5A
@00000810 0B41BD4DA0 2CE89E02A1 633782A921 3FB2A0E3E8 48FF7904E6 7651989DF4
@00000816 1475BB292D 0F85347505 7D31438074 676A8F9255 68BD366A89 0F94DE1A9B
@0000081C 42B83E603E 1A5FAB41C4 012340EE6C 0D4EF045CB 42A08872C7 177AC47A5C
@00000822 42F6722148 14F5B6274A 65D460E8F3 42F332A4C5 1C2CD677B9 2BD6FD22B4
@00000828 197519999D 37BC99A1C5 5B48D76D90 29B3C316BA 68928E4D26 73648DE275
@0000082E 4BCB388AA9 0DD8A511D5 550BA19757 472C48C47E 5D23D7766E 5E26717B69
@00000834 06BA21DB1E 427FD6C120 11A7C0BFB6 2393A7F3AD 1B43B5FE87 5B4720444A
@0000083A 30EF3596FD 55F8364C94 407B38EC7D 555EE349AB 1D1B081992 723F63016F
@00000840 0E7B387F84 69CFB0E686 2FCA91430E 2367ACFE15 3F9453F9B5 0CC821384D
@00000846 1F2B830A59 77AFEA8D61 1315A80322 49F9B658E9 64159AB05B 1D7336D6E8
@0000084C 5A4B06DCDC 2459D9A8EE 1D656A703E 2C342843E8 0A99BA5A56 7E4514A5C2
@00000852 2F8C13F819 0A71160CE2 757647C88C 4C62B223EB 2DB5E0E306 5A135527D9
@00000858 38E4F79793 686091A2C4 58972A8D35 15464156F2 575BFC298B 35E950FE17
@0000085E 3CEC1FD390 2F36554B45 4E42095D34 7F383BC888 6D78B072A7 55BD94D783
@00000864 7F0D17E641 45FCDC2C0D 02AC16773A 2D98446BAC 5529E5AF26 65D7C9B852
@0000086A 18820B7EE1 5949CCF08D 29E4C0DA72 76C5A5D8F1 1DD39AF57E 42101D81AE
@00000870 248891E9CC 01DC1E781F 0D298E9A26 43A44F4F26 37AF0AEC3C 17187092CD
@00000876 637968C30E 2D015206AD 395EE103E8 16CE4E5603 22EC36A6D6 206B6F71E5
@0000087C 1B4F0D0EB4 653E3E1D55 60DFEE1F25 280E472B3C 27EC56A7FE 63E63851DC
@00000882 0CC3ABA554 1020F8A9FF 0E888C5C25 7286F68446 3ADA2FFF1B 55A01A9E26
@00000888 7CBEB6FE44 0F549758EA 15409F4D1F 6916A2BBEC 1EDB404147 5300ADC363
@0000088E 2825CB96CD 3D637353D5 50849BD5AF 1800BDDD6A 0848740A67 54A64ED342
@00000894 26CB94F1FE 09142BFA62 1B0A06335D 0E596AE338 7F0E46A747 73B3A0780C
@0000089A 306E725204 13BBDAD375 538187DD98 75953D5861 1437D24997 63C97B15BA
@000008A0 05F0C579F1 45DDD5E985 703ECCDD24 1DEB912ECF 739722598F 29E2EC4E95
@000008A6 3387383437 3922996FA3 017B8A8EF3 69EA0B5794 3B1E170510 00D7F9BA11
@000008AC 7F7FF7ACED 679417E176 69D9602D79 2CCAC21FF1 3EB6F98547 26BFD1E97A
@000008B2 4281892174 60C6E65767 6D945A8DBD 3D29BF1727 7ACE541BF7 268F31492E
@000008B8 18DCC6E094 65DCC3D5B0 7BAC45AF6A 1462E7B08B 6781A99DA9 17119B8FED
@000008BE 5262C2EDD5 057088038E 73BE1CF2D8 07787347B9 69ABA6AE64 1B4DD8A4E4
@000008C4 1543FBB83C 74F9FF06F1 5B6AC892CF 5AC224BE55 268EB2F312 2709C1D6C9
@000008CA 3F6CC3A9B0 5B7DFD534E 77EC9D32FA 383C87B10C 75502BA4BF 0BFAB6B3D1
@000008D0 6EB5E14409 543A9D7E33 09E4B493FA 149793FA09 48554ABE32 7F65E7A11B
@000008D6 668C7F090D 6160D3E404 04F0BC0ADE 75E4052506 3AB8E998F6 0E42305C37
@000008DC 627BBD94E2 15AB256D9E 7A7DB033AF 7476051167 1C0174F445 5FAC15625D
@000008E2 2AB52E31B6 221A57CE64 1DCED418DE 5DA551D178 25F7555ECF 078D89BF1C
@000008E8 543AAB20D4 022CEC6AD2 1D264A4FD9 726C8D92B0 1B59B7846B 5E9F2D7C7C
@000008EE 5C57763FDC 7BEDBBE4AB 6C1AE520E6 1753E5C86D 77F78CF939 20F1A37B71
@000008F4 7A1FF0C874 5781FB414D 457BF57095 6902D79F57 519493262A 729877FD82
@000008FA 5FB1DE8FA8 1F73C7558F 113A5EDD8E 23FF4EA110 654C91B63D 47AEEBC005
@00000900 0EF1321F51 3044AD8045 41F8B3EC31 308850586B 11E9A542A7 367A01637B
@00000906 415457DAE2 5B85E2273B 785750B30B 1CA7F52805 1228DA9020 2C88CFFBBD
@0000090C 38EF31D616 767A234FAD 2B2A4F82C3 321243D0B5 6257A69D35 3C7A5673D0
@00000912 60AF82F586 61F0893CDF 220651E5E6 7F163A274F 7B070B3088 6F9F3C78DA
@00000918 1714D5D2D9 1C19047390 6E1B51539A 2A167BFC45 3210FF48B4 2345F2A4D5
@0000091E 7B655BECA2 1161BAE0A9 294D597059 608CF8C9C5 2E1AEC0E41 395AD3CBB8
@00000924 1F1DE6B18C 34EC2293EE 5AB4EEE526 358D354D37 4949DBBA51 41E1FC49FB
@0000092A 74A42F4A29 5E67466F87 2CC00023E3 18C51FCA53 03426BD950 068F748FA5
@00000930 45E1471F57 19765C7628 785D93FCF0 72163597A5 3391386D47 6F18B35259
@00000936 42995D36A3 5355BFF067 6B93D15854 3C38D6E634 3A5816A997 1967FEA2C1
@0000093C 74F2E4F344 513A3CAF0D 629A0C23C9 39D94BDC15 3C381D8F97 08C5394245
@00000942 2FF2F500A9 102FF8E646 10D9D86305 020DD4C08A 4245FE4D1C 7CC2DEF9A9
@00000948 78D928E58A 28868A38AD 7131194701 0B307E99FD 5A40CA5325 047A09F686
@0000094E 7E8D4986F9 56E5953F5D 7806705B0E 46DDE8A516 4216EF0478 1083457EB8
@00000954 58F4EC7A8A 52891B6552 3F99036D6B 7D3347BF73 11250DDE7D 643B70B70C
@0000095A 546B5868A9 6F129938B6 3C9F7DE19C 396743F0AE 087E9C3548 7D23FF9BAE
@00000960 669577A79E 10853359FE 0636574561 26DD687065 667DC5BF74 301D152BB6
@00000966 0A53550CD2 34FC34F555 31769BE57D 79A244A96D 0FA2AFD737 2A4C8758DF
@0000096C 56336865B3 7E862F4FF3 593F436772 6D6D94A053 5762E77E9D 2216954913
@00000972 633FDD055D 3A66A0A906 20F216D864 3C17BCF3DA 5164FD0EEB 2A07207AC2
@00000978 1CA29DAD47 6B96591A13 007801EF24 670A57F59F 7A67636B86 7BCF451D27
@0000097E 602FA56090 150A6C0025 6C378DAE32 7CDDA0994B 3705FEA2AD 66E6B67921
@00000984 65F9F206CD 2BC4E873E5 268645510E 7AF5BFD0B3 6465669482 60009D22CA
@0000098A 235810F529 7F81D255FD 3DA0EF965B 3F153D2E90 7F753556D3 7FE0CC503B
@00000990 5785F514BF 49D4B2DD09 71934AB166 26D9FB0F8D 0B3CC43E13 6BF823C4F2
@00000996 07B34F5668 4CF9375407 721455064F 2C9B0F5CD1 62ED564351 28E479CD3F
@0000099C 63C926B98E 2C662D384B 08F29D16E3 55CDE4A2E1 2728DD47DA 49DDD0BA4F
@000009A2 28A57E94DB 36F0C0AC5A 0059CA7215 2D9ED4EBE2 7833B9A2F8 133ED804B5
@000009A8 13533DDF80 37F0C99582 7F994EA7A1 6AD0D72A35 31A3006A20 403BE725F6
@000009AE 513EDE1D03 0778744CA2 2835F55E97 08F0970308 16560A3132 4C2833AD13
@000009B4 1C15E6A273 5FAF4BAA3B 75BD89DAE4 2D023CD206 69980053DA 6515AB0207
@000009BA 6829630439 3E8237407B 7DD1A06658 611897E13A 035DBEE244 1E54B02B7F
@000009C0 65851D072C 2097054E85 256F39A6D9 0BA214E144 678EADD6BE 78F35FB0EB
@000009C6 66BD80C014 22BEA6E1A9 6EE9BFF55B 00CE2A26ED 21069D9AAD 676BC7D704
@000009CC 08240A9806 45C5DCDC51 3D9584490C 07A209932B 357C25790E 3BE96F7FA7
@000009D2 291193947A 1E5E70F487 1EE443E91F 4E52124D9F 71B82CE71F 346E5D3462
@000009D8 26B471E882 5E0983011E 02E6448CA7 3F08376B99 5D607D615F 0C481F5BCC
@000009DE 61E9D51CAB 6A1B33C3FC 3057F63F95 665F0CA41D 643280FEC4 00859837C8
@000009E4 50FF2853B5 375CF785EC 723FBCAA60 0CE5B5D540 5C7D5564FB 390874E3BE
@000009EA 16234AE0DB 38678123DF 2F128CD7F1 65F00E0EB6 0D93742A98 668664EC95
@000009F0 15ACF348A2 542479CB90 26E1482C80 49B28EDFB8 447018CA97 7A2FEA41ED
@000009F6 0B1FD082BC 5A5FF9EF06 01A37F9B29 2BADC1D01C 226700D228 054406C4D1
@000009FC 4076739FA0 6327AAAC54 6285133096 65275BE18C 090B646EFA 75A608472F
@00000A02 439FC0588D 79F5C9C6D4 499431CFA6 3CC9A212A8 007CFE6C27 284B2A9E08
@00000A08 2E303EB24E 69C3CC9589 1110E19B2D 11D0A86621 6C2E0C5B70 51CDF86779
@00000A0E 089AE517F0 4B09C97F5A 1FA5CEFA0A 4B5ADEF29A 40F0E5186A 131ADB8468
@00000A14 68FEB765C1 798A08B562 5DB5B35D29 7F5D69A7C0 3A1B91B495 5D852CC453
@00000A1A 5B91AD7B88 0D708D5095 00713BD646 358F7B3AC2 49DC484FB8 45DE64CCB7
@00000A20 7BDAFD6E8D 39E7959230 383CF2B23D 54C56F4909 79DE1EB5BC 05FCF67A9A
@00000A26 3ED6DE3CC2 54C3730851 793C1B4593 0173226EFE 0821DA830C 42F78BC591
@00000A2C 331F7B714E 5271D7F1ED 6BEA52DFE9 68D2606661 18B750D388 32352BC118
@00000A32 7E48CF30BD 26E4C38066 727F8578D3 04ED5FFB7D 350A091647 1123E8A016
@00000A38 4020B0AAE5 09A1A15F3D 1ADED4DCA1 78DE4D3ED2 35CC23BBC8 1ECB2ECAC7
@00000A3E 5ED915C7DB 71BC4C395A 5127732256 6E35F99F39 7CF9E10039 5727DFF9A2
@00000A44 65D4CC132C 5419D15C6F 46A26DB42A 233FA19A0F 21BB0FCB9A 63E6E5E15A
@00000A4A 56B35A3AA9 3B1D602595 45A7330CA2 411C973552 2D9420C059 780ECC06F2
@00000A50 1CED822B0B 0FFEE53246 43243B2831 4ED51FC7CE 37BA0B1698 24CCAB61CF
@00000A56 237DB20C6E 061A7884EE 31842DCF73 14292803DD 0B223E2A2F 5D5C2BCB2D
@00000A5C 4ABDDF96A8 1FDD4DC893 773A49480A 4A96EC8A26 06C7121775 3B5FCBA498
@00000A62 4CB5C164E9 7B27F4D3E7 73DCDC5CEC 7C5CBD03B5 0FC6435D33 27466545ED
@00000A68 6AC6AB7869 1F32BB1A33 4FE6479D3A 3C7BD068D9 1BB21C5C96 278AF04075
@00000A6E 4E1086EEC2 6A2E8F9168 73B2513F5D 4270749365 5B4665E5B2 0DF733C889
@00000A74 73D19591E9 1192E3B322 777F0F1CE2 56D163DD31 781666F26A 5A1D04545D
@00000A7A 544D9FD834 5BF03225FD 4E6BF584F5 2FBE28622B 2F9B4EF670 7C58F74286
@00000A80 7A5A23B96E 0F04CAF5B7 489FEC182E 57EC3C419F 316F000447 577574F6D5
@00000A86 48B4C03D16 092996FD47 4533B83ECB 5EA6E82EFE 346F128734 3C02A1F4FD
@00000A8C 2CA00EA3A1 1FE82F5305 7F2BBACE87 4B915F28C6 20A17B91C1 29A30ADACE
@00000A92 35664730DD 6829BF3AD0 415DDE61AA 2AB2FAE908 040AA1FA85 3E6E42DB21
@00000A98 43A3391632 7D8BD9206E 2F811A3BD1 54F66C0D26 363970C453 1F9E424645
@00000A9E 66AC419707 4514300688 6EC880D62F 1A92DA8256 1076BAA497 31077582DD
@00000AA4 45C0440761 6CB896BFE8 512C907CA9 791A46EF88 5AB9DA1A8F 1DB787FAB1
@00000AAA 48E49F3222 59A62FE708 6416B28552 0CA205E0D1 245A9BE2B5 575978322F
@00000AB0 2804A2CAA7 442703E803 066DA54238 447D77F190 00D5D0E593 786A2D99DA
@00000AB6 388BC9B0A9 36500E39D2 76722BA1BB 10393C52B4 3857CC1DB3 622CF630F6
@00000ABC 541F356497 61D5287840 3589881CA5 61DED46529 4EB11A99B8 07A8E42E3A
@00000AC2 6085B2A387 1987BEC3D8 5162669D06 4E2164B4CC 162AA1A358 5E5719FD95
@00000AC8 7B0E2A0F0F 63B867AB50 07D9160AA7 7510AC0C98 5D13E2274A 646C49BE28
@00000ACE 634C6C65C8 2E5DAC2957 0149F40074 153F39D738 1E8AB9CD10 0A40C2E418
@00000AD4 59A6D54446 5B67DE7CBC 6D7418076A 067D3BB004 38E7676F02 79AD54F913
@00000ADA 31D04CEECA 28E95189E5 221595434A 7D4A09B00B 2E77A3AD43 5B25261EF3
@00000AE0 13AC91CB90 47272BE485 267073BAC0 74B4153C27 4EF0CA4112 5C0FE296EF
@00000AE6 4CAFE571BA 182B34B09E 37C825C7EE 61C3C28EBA 0B689871E9 4435FB9E92
@00000AEC 54B1B92563 2146AB209F 7A94FEE4C4 6D06AD2F62 737D2DD363 277065AD28
@00000AF2 38885ECE4F 33F09CE4AB 6076C3928D 7B47F8657E 5B4E939DDC 749D26E247
@00000AF8 389DF200F3 0A3FBE52B9 0D9E933C35 1F0EB3B274 7ED937799D 6046269AE2
@00000AFE 352755B99C 1614CCE538 022D2BB684 5211696363 208F72F9F2 2A24B83D8E
@00000B04 7D1CA5D236 5635995B39 56E8953F48 5240F87151 72C0C8F1CF 548810341B
@00000B0A 0D3D94DF08 76C6B8BFC2 60720CE99C 7296D6C371 7B292A49E5 58942D99D3
@00000B10 35800320C9 0860A11C0F 370348A635 562491B7FB 1E4B3102DC 21B8EA3B15
@00000B16 68E7B4A249 1ECEA8EE86 7430569861 3F6544679D 0C9D4F0057 1FD0D56B00
@00000B1C 1BB7570255 0471740670 0372CE241B 04A26AD2CB 18D4BED812 0149E01F71
@00000B22 5C7F542F60 687AE0DFBE 070C507BBC 338539ADD1 6B37068EF4 02C4DA64CA
@00000B28 6DA5F119C3 26B15BE8D0 6934B9F337 0A0DB8D4F9 62FD7EB971 7FDFBC4EEC
@00000B2E 319A7FF622 0E19F6102D 05004161E2 0282FEF0E9 2FFD20E13A 0FC58788D9
@00000B34 5C3747E68F 44A0D6C08D 164F877713 018B5473CC 569277C568 51F422F691
@00000B3A 636705CEBF 25AF60D5D9 006F23AD06 3E073C70E4 154A9F7AE3 60811FB60F
@00000B40 23EB2D338F 68D7EACD72 76E8E808C6 7D650D4AEA 4993AFA4F3 543B31EE4A
@00000B46 569976179D 6A79E627C0 05C00CE4CB 6037F97868 4E6BCF38E0 3BBECDE244
@00000B4C 49830D48E1 499A3059D5 4FEBB92693 3862D624AE 6C651B2A43 2B4CE3E325
@00000B52 7F1568D363 108A87CE79 09E6CBC009 0A44CB7345 551F941D3E 41A86B7EB4
@00000B58 25490100EC 6A13C51E94 2E936C6033 0921B7F88B 5FDBB89DB6 068ED5AEFB
@00000B5E 2A9DF2CAF6 12F2F2BED7 76A4DCE75E 65D9D2ED0C 712EC689A8 2FD188E239
@00000B64 55C9F5AEB4 6B302E8A4B 654D491B68 11B67FBD97 0806C6CFE2 70FED6EDFF
@00000B6A 2D88FD13B3 721553A9B4 0FC502CC4F 08238053AA 0219208E31 0396B12BEC
@00000B70 1F12B504B9 74626466E6 3E40429D89 394B980415 34938BAE72 7E866EAB6F
@00000B76 665D14383F 168E8A1083 3237542D6F 4A28FFB976 178CCF249F 1D3128D3A4
@00000B7C 14C5EE180D 521990777A 314C5FA24C 4E619954BE 7E95912E2C 6E6C189A8C
@00000B82 0015A4FDAB 62C4333DCF 3C50CF7BD1 67F1868EF1 47A7710B37 2916935B3F
@00000B88 6A88A70EC2 19F0FA5C25 45B28F7E16 0DB31098AB 13EEC77898 11418AB9E9
@00000B8E 5AE59922CE 0EABB1B4BF 717B9F965E 5765AD9781 1A045396B5 63DF82E9E4
@00000B94 3AE5CFE505 4ECABEB3AE 2905523B64 7C06762600 311E5B57D7 170DA336BB
@00000B9A 70731A9390 22462EF72E 4C2D930561 236AB8E1B6 5EEBFDD914 4AF9E3E894
@00000BA0 1093A6CDA8 7283FF5E4F 667E89FC16 7CD1A50164 4DAC432FF4 36BBA7BC4F
@00000BA6 4BFDA7F400 78A4C48BF0 3536D20B82 65AF644151 40536284AB 2E3E5001DF
@00000BAC 68BF6EA962 65D22C2AA0 202F4F4A59 7B5CE577B2 54A168AF37 73CBB56FEA
@00000BB2 11B57EFE68 03BAC2C25C 2AC20EE84D 5444264FA1 72C0F96FC5 3FAE4BB6DD
@00000BB8 6805AC7003 28AE34F399 2213338585 5CCEC82742 323D471AFE 6E63446407
@00000BBE 745A0518CE 0590B8FD24 6062B19138 4864CD4619 0CC1055385 588EC62A5B
@00000BC4 6770E1051B 27AD3D4F24 64948B7FE9 5F6CAB3E8D 72B43483B0 07FB968944
@00000BCA 05F7C00D00 1091455103 1F98C2D75C 117AA14773 06283ECF59 6AEF309A2F
@00000BD0 0774E4378F 2A0E59D070 57F581ECF8 07ECDE1125 0D4A4FB2C8 54617B5A59
@00000BD6 33CEBC7E80 79B1BFCD2B 361E36A21C 6D5AF7B27A 1E93100A83 73AD7D277F
@00000BDC 780BFAEA9E 3739CF6476 38DC7DF1D0 7F6BBE8562 40C9A76CF7 7547D6BC16
@00000BE2 0FA253C85D 65B1037F1B 6FB2BEDCB6 780A794AE2 2FDABD929A 5B255F9948
@00000BE8 7C263CAA45 01DC4C8FE0 548AEE4361 145DB747BF 6CF345E68D 21F4DD1303
@00000BEE 0949375DC7 41BF65EE42 30C32257C7 598F55DDF3 0769AD6CBE 2AE345E325
@00000BF4 327CADB1BF 59D606206C 3081833B21 2039C50F35 44309C1EB7 6762ECE944
@00000BFA 38EB18238A 3FE49278C6 2D18DA740D 3417997EAC 500E8B37E4 54C9B6A4DD
@00000C00 24AECA5BB8 7B537465AB 0DC868AE2B 23748C4C65 38595FB857 5E21F763FC
@00000C06 0EACB40F0D 62C0DEE892 5C6F81A5F4 05F9B73BC0 208BE632D3 7525F21F5E
@00000C0C 0A8FB4DCC2 15FE707F9C 7DDAED5F3E 628B101FAF 1796C3CC5F 59C4FE6302
@00000C12 67F62A23C7 4BB3A79840 6A2DAFC7A3 7BB151C79E 43E2899BAE 48943D9DDB
@00000C18 22B325A61A 23FAEC15A0 458DD2E283 384418FF8B 2B78E390BD 4744D9609D
@00000C1E 3B7F696F28 1EDD25656D 65CF05EB66 4E357A61A7 4C7CE2D7C7 45403C80C7
@00000C24 3DF4B1A9EC 6247EF4D24 2EC8503F53 3D9D1B5DB7 2F6AC902A4 197B77F83F
@00000C2A 561889CA44 2A09C46BA3 685E3CE2E8 2F88872658 32A2DDD726 3FA781E61B
@00000C30 106E67328A 6F12439BB3 5999356E1B 55FB1A7F5A 4E9756444C 3CD43E8B37
@00000C36 09C81D5320 4CAC70D5DF 2ED74A8336 501DAC40F4 71C449E2BA 66D92498FA
@00000C3C 6B0B4EC510 2987084C70 5E87905024 67B2857889 5B527EF8DE 3E1F4F6EBC
@00000C42 12F6F5E032 3542FA5F9C 41348A941D 0A9613A72A 48436EEC9B 4B1C367165
@00000C48 251E4F82BC 53D0BB1D79 02E3173372 396C1D9C39 7B1B1059AD 579E346562
@00000C4E 0852E783CC 4A8D64C323 6C02AFAF8E 3522330334 635CDCA9C5 1734ABE90E
@00000C54 404FD8C22E 30F1B9E43F 25A3178F13 6E90399AE9 3BEB9EE852 1577C4809F
@00000C5A 14B11277FE 6E61F4B2C6 6BBD3472AF 3CD5A046F4 5BA45072B7 1A570AE6EB
@00000C60 352C3DBD72 0CE1E85BDE 4A68EC9249 14D7DC7CE9 32B56B2584 5F897F63BD
@00000C66 61FA2CDC23 6ADA1110B2 239D7C7959 38616EE1D2 2E0AA17524 39C0E044FE
@00000C6C 6831526B22 6E503D1373 5E2AFDA73D 34B3EDBE28 37A3DFF9A3 43A0D2A41B
@00000C72 0307890801 79DBF188C2 6CA3A52F34 27A32F9107 014965802E 4C84AABED7
@00000C78 10C55ADE39 4BFCA75745 74CE9464DF 41BE423F1F 0D93AF6EE8 1911873D2B
@00000C7E 4892BF1A5C 08B0DAF66E 6B865E8008 4F11D0D2F0 56D952E71D 0D231F76F3
@00000C84 294ED181CF 75CA1F80A7 144F45676C 6137CD0E0B 0741B935DE 1CC82D9969
@00000C8A 6B39952C70 189AE7D98B 467EEA956A 5E0466013B 4DFC47DBF2 709EEBACD2
@00000C90 015207791F 03602DB2E1 2DA8832001 46B3FC1C1E 45EB7C5085 60E5B912CD
@00000C96 10F41567C4 719B2A183D 089D61AAF5 0A7DF84CBA 1A48BACE7C 7CB5735910
@00000C9C 1D35537727 55BB784C61 563096F1E3 3CD362E430 2544C3DBAE 4F6AFA4135
@00000CA2 681FA6F352 5365652536 1564AC3F58 138014E375 0761B5890C 05AA006AF4
@00000CA8 0111C603A4 5587DA3DCC 2A4EF427A4 546F9A056F 166973C758 3400C9EEDC
@00000CAE 7D90D89501 2A088F4669 109F355B35 04985BD4A5 5E65ED21DE 4D04BB88B6
@00000CB4 161E282AC2 22034D8740 6309CBDDF2 563D75B5D8 7BFA891106 103A5166B3
@00000CBA 6AB9B2C306 3FCE21D879 55DE6FBC14 6084F1911F 0A608730E3 436CC6BCEE
@00000CC0 7807911798 71418A02CD 27ED4327D2 065EF99459 5063ECE91E 69C9A9F3A3
@00000CC6 0E3617AD7A 466AFA8A55 06F58AA045 4B309FF10D 2CFC62F3CA 5F63FBF6AB
@00000CCC 0EF5E23AA0 2D1A211001 3817860B9F 5D3A7609B7 567AB54EEB 3418581028
@00000CD2 29C24D5691 0B8AFD8228 536B50BE60 53A6763F37 2D7F89E389 33380895B9
@00000CD8 367C123010 3C5B91F7DE 2C60BBFE83 0C6403D3F3 3B611EFFE8 0B3C9D61A4
@00000CDE 17192F06EC 3A963FA459 468D883C41 24A96EE8E9 55D521B424 1A35457F11
@00000CE4 35122521B2 0A9B0E0093 33BC83FEA5 324ED33790 1CBD304FA6 3213494730
@00000CEA 7233EF1903 4066AE4817 30355346F6 6442F20F51 3FFAE65498 06033065AF
@00000CF0 004FA487F4 51FF0F824A 4152893410 78855A7C87 70A3B32025 200D1015DA
@00000CF6 6168D71414 45AA04FB88 248C1B1206 1D21CD95E4 5F5C063BA3 3040D18987
@00000CFC 6D0BD7F325 7CD987381F 238AD296A6 25828EBD08 5FBADCCC50 7578C0B1E8
@00000D02 7DFFDBE8F1 06ED8D6388 030F034D51 7F8A620154 4AEC4CA815 4F557A6A58
@00000D08 54900D1CEB 44D2CB278F 313C9E3A7C 7CD81A66BD 7C9F46DDD0 517682D3CA
@00000D0E 285D8794DE 4C13C367F3 7734F9D1DB 104A08C43C 4CA5F10B84 22F5E7FEB0
@00000D14 6C61FDD757 174BD1F0A9 2AFAA2D66E 391A2EC229 2D7FC990B1 3137C7E49B
@00000D1A 1BCD3B47A1 07EDB21DE5 579036CD97 0273E00B8D 70685000F3 3E9F31A5F4
@00000D20 4675C01B96 3A21F5CC8E 1C0ED62A0F 3CC3FA52CE 40FB2A9598 17410532A3
@00000D26 78F251A27C 38D3EB66F9 105C897EB1 49E5E5F5B2 6D969657F8 6A852A5CEA
@00000D2C 5252644282 05FD533655 3C111CFC80 53EDA28E1D 78A1934708 37A47E39D0
@00000D32 74C6F74902 187644A8D6 2B207B9724 7B5F7E14DD 0A7E8C22A9 5031331A30
@00000D38 5266454F55 3D71CE9505 5E31FA0529 703036E2FF 45F067B7B2 06DBE16DFA
@00000D3E 2CD62FD6C0 709094FE26 58A4FE129F 735810C28A 29E60345A1 6F1CCA2C84
@00000D44 1EBA93D334 430E026057 014F5E663F 7AF630FCF3 79A2DEF2AB 51BE92793A
@00000D4A 6A3CA647DC 1DA26B7DA0 36AD3E3213 598FB541D2 4B4626BF2B 3B82169917
@00000D50 631CAB61E9 2792551533 5363059F67 0642230364 42B7F56C5B 53BB4617D5
@00000D56 1425FBFBB4 13001C4D65 52B3A0E14F 58A9B7E857 1F4D7D67A1 6CF6989F61
@00000D5C 1AB701365D 6CBB4DF7D1 519768F3E6 01E8E162B8 5CC65B30BD 46DAD422E7
@00000D62 37014268DF 05428F41C1 32019F4E4B 1829F63C29 46197236F6 0823F47B01
@00000D68 5FD647A45D 6AC92AF83D 2AAB34425F 0AE45A9668 75F2D4E0AA 0C565A057D
@00000D6E 29D89D054B 1647F8AA21 3D449E9BE5 1E17EC6FD8 6BFB37D0B7 726BFD5F01
@00000D74 62DA2DF8D3 78D5A894FC 358C867991 7E2E5B662E 454343A27A 3A7E2C672E
@00000D7A 7FD76FCB8B 71DED1C436 4C7C380B9A 688E815C74 403674FFEB 2DF9095D56
@00000D80 5B91204318 7416353897 0A5E365663 3AD091081E 0844479299 5680E87E0F
@00000D86 08854ADA49 0484A598EC 5FFECA45D7 10728C4171 08BD3ACD8C 2132F0356D
@00000D8C 41922DDD79 59EB3BD2B5 4D49DE369D 745C61A087 65BDE68CE3 48B6A0ED00
@00000D92 6EEB54E853 385CD34453 7407D2ED59 1A44A93CBE 2D3A620F90 0024C6A548
@00000D98 1EDEA8E2E1 3A3BBC410F 4EA42CE487 1FD7ECA0A7 699C016769 2182ADFF94
@00000D9E 63C2157E53 5DA09D621E 0C9EC0435C 0EFC191C48 4F024F1375 4F7EB65547
@00000DA4 67878A7F9D 3A2344AAE1 53FE0F6DC5 77FABD7728 18661457F9 3D2D1DD258
@00000DAA 117FD33D44 71388AC499 10E4F3BD03 6066565E9C 23DC55CCC6 7C049BB41F
@00000DB0 16ED769D4B 6D2185AF30 55315528CD 6DCEBE0335 56C3413DAE 53FBFFE9D1
@00000DB6 74058CC931 3BAE755AD5 283B203BD3 7AED6A33F9 7CEFB15060 5901CCBCF8
@00000DBC 1F41B97194 06E5BD7682 4903C1B188 66AC985C2A 70A29C4375 3FDE2C06E1
@00000DC2 7D26206B90 3E7BA5AF79 6E65789681 327D00854B 035254B706 1F7C0E5F28
@00000DC8 1DE727083F 554F60FBE2 578C1F07FC 0A37F82DD0 017500F9CA 4CBC8EEAAA
@00000DCE 6BDDCC6B58 023FA26AC9 79837685EB 07BFF7EC20 3BF557BA2E 62043000C8
@00000DD4 38AD993D4D 347541C6A6 0D48D27929 2E03D8828C 183A33340A 459E38C1AB
@00000DDA 721791BC3D 1BE3FA86A7 198B43A3E5 73F64F529E 42386D20F8 3C13022558
@00000DE0 5D901E3A9A 6B0D1F2A08 2BE95B577E 2D550D3841 5647830CD8 2A755C16D6
@00000DE6 60D66BAC1E 4EFD849107 2D2EEC2707 6E2408231B 0576DF8E2E 53E7D47476
@00000DEC 24985D0D5B 68859FA4EE 0E2D3D014C 4140DF84CE 221E53250C 62368752A6
@00000DF2 7B0F36E7AD 3B78B638D7 01E19A6EBD 321618558B 05F173AA33 1A42AA335D
@00000DF8 0D2B69C567 00DA03E9D9 3298599044 027B56212C 5B6AE8E187 2D933AEE72
@00000DFE 5CD46D1D28 7AB03325A8 22F0A71074 10B138F996 4AFCA95B9E 713CACB38C
@00000E04 278A953526 5D808768DC 6BF1DBEAC2 2AF22983C2 2E9B15503D 6CDF6CE889
@00000E0A 40A4542B89 39FA0A20A3 59A6BF67BC 0770311478 3D4A45EA91 1A071AFD5F
@00000E10 639E391B25 3D6A4FAAA4 7DB58F20DF 2CDE47A1A2 4AA1451238 6A6C115755
@00000E16 25F8BAC48E 13BEEC80D2 0E28F2849A 1E79589B3D 694483D5D8 3FDE8DD443
@00000E1C 56DB6E6C31 36037A908B 37FD9B9A26 1EFA945F2C 45C27449D9 231F2288AC
@00000E22 10B36F0CF0 664669B756 0D33494FF5 5ADA8624F1 505B97E78C 08B6D7196E
@00000E28 5A9BDC884A 7A0B40208D 45051E11EE 3F303AE532 7B42FE73C7 1226926814
@00000E2E 651486DD3C 66C93DD431 61CE23874F 2D7468D26B 7DC8FA6F00 29A7A2A254
@00000E34 08205539BE 3715AB200A 40898B541E 1761AAA541 3B22D1B57B 170F061BD0
@00000E3A 4DEB18C6CF 3E6672F4BC 7B05E257A1 7608260BE3 575E870898 2D66C813D0
@00000E40 138CBA3E94 38C3C264B8 02624EA22B 4992658933 72306CC544 0C92A79382
@00000E46 2FD6F9FEA7 58F8C6B409 25D107A19C 73FCB3B388 0FE7E3A1C2 72E34C0C71
@00000E4C 55FA17DE6D 6BADE48EC8 3E80481670 199E59FB02 77F9B9D1D2 7949B5E533
@00000E52 457943FCC8 273D7671BE 7B196FBE06 187689248C 47C677BC63 7E5848752A
@00000E58 3CF771F44D 46B9B445A4 745C00370E 4F42225ECE 477E1B84BB 1D7AA091E9
@00000E5E 7DECFD74C0 514DF08DCD 549C6453A1 7493685BA3 3ECAB4AB65 5E6EE47C74
@00000E64 48CDD8E69A 4FAF4D5540 5AEB602AB9 389DBE6B45 0F2C2D9A61 3C7572A2CC
@00000E6A 39EA147045 20D857C77F 13265888D1 4FED776E2A 206D2C9E51 74B9A8F799
@00000E70 0CA15B6485 480ACC6CA7 139CE361A5 071561A626 09FBDDCB68 33FDCFC9AD
@00000E76 1EB7DCF356 409DE2E1E9 2C7A70FB8D 373C0F2838 119E2BD862 6A24376E24
@00000E7C 6244DE5F74 72F73530BB 134C991B11 646F8FFA43 3B972F7B8E 120A416671
@00000E82 0BCD83995B 0024EA61A3 325FC1AAF8 0CAFA6DF1E 3A8EB49B69 70D95AF5AD
@00000E88 73487B5F2C 7FDC78A98A 381E9B3E6D 0ED579491E 519413BF9B 5D20FA7550
@00000E8E 4E567464E9 59FDD47348 7FEDC4AAD0 4778EB8256 29DB56DF44 73B3AD633D
@00000E94 23EAAADC56 1CA4DF14B9 7511F12A2E 0238FDDE9E 0AECE1D994 35FE25B746
@00000E9A 2104593907 750F13D767 21FDA5E011 0562275769 11AADA8B5B 7DF6EC4149
@00000EA0 646BEA1786 0F2E017E9E 5F0DD524A6 4DA8A8330A 736E36F075 16DD112981
@00000EA6 3F264E7D83 00C6CBBE52 2F0CD50DC7 5D9161B496 298B35F6F5 68594CB88B
@00000EAC 531691877E 14A41D2CD8 62BEC4F34A 5B2DE8D70D 0E1DD14A44 518CE55573
@00000EB2 757ED06841 5FD8A2DA8C 168B1D65FF 6B1A78A66C 19B0E62639 2CF64172ED
@00000EB8 4D04D6D7F5 095618DA5C 0F60B8A694 7672A1918D 54785B4F07 294008BB79
@00000EBE 45A72291D9 0A60044C8B 3A26FC3ED5 45AC344E33 361FFDBEF0 2A406BC8BD
@00000EC4 146647C554 7DDE7C2888 2C73262504 4DF3DD2D7E 2DD0A81DCE 24ED2F1063
@00000ECA 4D4819FB3F 215E7B355D 1772B1003E 162A3CAAEC 7CBF99828A 0171A1C06B
@00000ED0 6600F57E4A 5378545AAD 04C5AEFC8A 5121151FAA 56414FF08D 6507F0A3A8
@00000ED6 6F447FEAC3 4732F22F2E 17795BB0A0 7B58F6AB5D 7AB6B4BFD4 23252C5F97
@00000EDC 21D9DA7240 626E1B44E3 14412FB951 01B2DE4EA6 78F4207D24 70FC8DB7C8
@00000EE2 62EEDFB1ED 3F01665C19 085AB09EAB 5A9507A34F 3FAB8B8F1F 10571540A8
@00000EE8 44031D4169 2BB298BC78 6FDFDE87A2 3F0FD9FEFD 15A2F19099 2B128F0D6A
@00000EEE 752CABCA2D 7EEBC53C2F 79322E122A 2DA660816E 67C2D625EA 1F231EA5DA
@00000EF4 7E61BBF449 1817170ADD 216CF88C3F 11B2B47176 16272C5A84 7B2C3FF3FF
@00000EFA 05E1CD8CE0 0D98075ECE 78C18B0F4F 763F9B8082 5C0D9B765D 23D5168FD8
@00000F00 3842C2E255 5A9E841E6F 381F58062A 142BF19529 1DA91993AB 5BF8B933AB
@00000F06 0FAEE1BEEE 15FD5336BD 746F90CE11 18AC114BFB 1722148648 762570EE6B
@00000F0C 46AFBA9555 5396490078 72469C2DE7 01B1839485 59DCAF460E 5565BAAFE2
@00000F12 0F4B76465E 02F80871D2 47A8F75A4A 284E228AA5 72B970217E 0A806185D5
@00000F18 29DF408A9D 5CDCE5A415 181BEEE5A1 5CAED4029D 3C97CEF24A 3F95E16F86
@00000F1E 21FFE31BE3 109BB3D8F4 56CD51819B 2B045EAE5D 20A1AC9231 75B1BAEFEF
@00000F24 2F6F8E102A 551654B7D1 5717E80101 39155CDE3A 3F0F3F2AF5 0D5C3A5A3D
@00000F2A 6762D0BCBB 7F0E5D0070 0BD974455E 23C295119E 70C5A646F3 64BF40EB3B
@00000F30 70461D4532 7E36221DD4 23F3E9B2A0 6EF4C8C0EC 072EE51500 06839718CF
@00000F36 0AFD5CF923 424C285414 7923CB50A0 28734035EE 270E2B2584 20000715D9
@00000F3C 291A3CB10C 5C55AEF282 26E9D76606 6966938C31 638FC942DE 31D922ABAF
@00000F42 30BD581D8C 7936AEC3F7 068DA9A455 2D38CE95C8 7D378A36EE 3B9B3FE65F
@00000F48 709ED09F49 199AD96552 5722B72D87 40C00CB01D 7F823E8710 3425665681
@00000F4E 14C2A16A35 5588DDABDC 17FAFF7465 1A94426AE5 3EF13E5F18 6686547047
@00000F54 235B33D699 70E07DAAAF 0E0F7321B5 3B87164F7F 0E20F34C3B 5646525B11
@00000F5A 7EB400B4EA 65D6BC49EF 658549BB5E 6158498483 6689064FE6 5D5C33999B
@00000F60 6C070CA7A6 639DFFB544 0C57F86A8D 1BDD8295A8 611447AD6C 254251A337
@00000F66 41E59726B0 42FE1C6F45 5BB00986CC 0E47466210 1D897571AF 0D8E364C4C
@00000F6C 5FB05EB887 58361DD784 7726C9AF98 7D0E26B125 2381E6B337 29BF74035C
@00000F72 6D6E9339B1 1A4BE2C685 3C29DFCA3F 548DF13980 789AB78FEA 33AC3D19A0
@00000F78 7F3AD4ED9C 1E8F72DBC0 594B036307 0DB2B56B23 7FEB6BD713 27B0062CE1
@00000F7E 1F4898C08F 3D5FAB7FAB 0F4389CC45 710DF7BFA5 1017842482 222CBF46B5
@00000F84 7E5050AC3C 5F5A96F805 44729B5FB2 628FA8C990 155A7BA707 5BD11416F8
@00000F8A 6ED145D3F8 2B60A05B05 5FD61A69E8 6FB467BC88 3F928FDC15 379305D4D1
@00000F90 1EA8B6D3EA 7574B63D2B 0A5440CB3D 4566814474 3B0C66CC17 27FFE68F8E
@00000F96 1D96365725 243CCF3E47 09AAC6B66C 6A0D3F0D73 14B9AFA832 09FBD6A2BC
@00000F9C 04AF69856E 5CCEE89833 1A96D817AA 368C80B490 2EA1D91DED 2E73248E90
@00000FA2 117BBF4EFD 7324D78355 12F6581873 4AC49BF06D 72B8489227 12BA70244B
@00000FA8 1D6D797E60 031433E996 1FFE82139E 0555B8FB84 705111EC19 6402024FAA
@00000FAE 0A1462C549 1C186A8918 1B230D9233 68BE1A0120 728D4ABAD9 14DFD5C702
@00000FB4 6D630FAA70 18074A8034 0A8CD583E8 37BE4152A2 6F13A2B1EC 79BA8215ED
@00000FBA 5F1392D398 7C29A0A48E 01715A9F2F 30BF123494 0D39083DCE 4231DC922A
@00000FC0 26615F3415 787BC601AA 7AF9396630 30CFF60A99 567E7842DC 16BED2A709
@00000FC6 382A12C290 5673B97787 1857B66E95 7E2EE8FA8D 5978C8D213 5A86B0EBDD
@00000FCC 2BA16E79FA 22B0F61FD1 14188B3AF0 4750C65A9B 1262759124 4EA76E7927
@00000FD2 2E9B8436B8 7BEAC337E7 14178EA661 7473C86BBD 53B3E0F0FD 3D87A4759F
@00000FD8 2155081058 0A89CB0F9F 2134DD1AE0 46D35FD271 1ECCFF1596 6A2953F259
@00000FDE 57D8C9F716 7B07321FC2 07A897470E 58E94FDEB6 01598AF2D2 41DDCF244B
@00000FE4 28B62CCF61 045E82DAB8 3B524862C4 4B8C04248F 2E8D5F7ED4 7D8F73AC4D
@00000FEA 73857C1AE8 51DA150DFF 3D7C405D02 154AF7D920 0E91393371 0D8351AAAD
@00000FF0 4604F4BCAF 3808EA4A03 3F3000A8F8 11DEDDE55D 185A890171 1FDEC4AE5A
@00000FF6 0520CB51D6 2ADF2A563C 75409E3087 506B82C5A5 2C898E7916 59283E8594
@00000FFC 14DD554951 1A5D53AEA5 6ABD8F3577 5CDD0D8138 7F92271C03 27338168C7
@00001002 23361A4410 1C3BE76F79 2275DC7750 37F1517999 2EFB99A1CC 608DB83555
@00001008 1488F5E22E 06EF66F1A3 1CD44B7ACB 5DCC0E44E7 3D00EC01AE 5F8B6D8B47
@0000100E 6FD2A9E224 014984719B 4109822696 00EE978622 7DB6BF7F05 1682973922
@00001014 79796DF88C 5F9B5252DF 007B7B0F66 293643E11B 0D4AD9C42F 6650212265
@0000101A 507E45CD06 6561E18447 430A879EF4 3B3EB2637F 754DE7B947 41097FA6C9
@00001020 6FA1954D7E 62A419FF03 36E25E7220 46C9100D4F 5F00CE9F9B 3DB4CEB3FF
@00001026 64027DB2C0 4DEA6E222F 2C341A55EC 42AEB447CD 385F02D043 16F4D23D6F
@0000102C 3C457BD281 588BB0FA3E 417BBA42F0 33711AA362 6BC243B750 31D08E4029
@00001032 562F981F0D 188CF826F0 1741151DB3 6C98EBC9BA 1E31BE3567 65207C2F66
@00001038 14A073CFC3 1AFABDB9C0 43139D06DC 693E3A4636 0976450936 68B4FB7441
@0000103E 150B134B6C 2B85BEEAAE 566C93895B 7FEA7C23ED 1EE6487EE9 04BCD1AFA1
@00001044 16BD498F69 11A376E43C 54BD86012A 200673F43F 295F3DE66D 70F7E0AC34
@0000104A 1EC4D6FF61 6680DEFDBD 68B9F1E64B 2FE3D0D443 74FF5167A9 4D8645C3D0
@00001050 193090A751 27FAC453E2 56D5963944 00A2FB58B0 05EFD7C813 6064EEDA2D
@00001056 350C60C9C4 57C4BFC462 1CFC6C5F9B 190758103A 7B20FB8083 44B3595AF3
@0000105C 0D277EA984 7FD88C88C3 4CF88590D6 7A6877D0EE 0ED3F88E1F 5012FE862A
@00001062 6EC8AAC33E 64F6F9223D 37DCF5FB56 0DC22741BD 58C69D7E72 74D8D729C4
@00001068 21D3CEEA6D 1F87ACB27E 67060D4F3D 60F3C572AC 793021FDC2 1359987E38
@0000106E 05A6A7FFE4 3D9F564DBE 540DA4D7E6 152238638F 705A91D0F7 054F1453C5
@00001074 3B75D0B1AD 1B4D56556B 485D35E9D5 1366ACFF24 5D5F514F4E 2D3DA26544
@0000107A 683798C389 3F9BCEC1FC 6B28ACEA13 511BF7CA32 6F752FEB66 67B4130264
@00001080 232DB76992 60D736A49F 34FD2DFC43 09846F0143 7D54AABC47 14E32A45CD
@00001086 531384FD0C 56D9EF7F69 4D55F946D6 783F073DD2 73CF39394E 0697DD5523
@0000108C 3A9902DD5F 60A9AE8047 0EF43EDACB 4AD1B989A5 1B253A4940 59BA88CDE1
@00001092 148C32862B 0D9B3D6273 63422B9FA2 4056B540DC 7EB9393512 763AFC8A98
@00001098 45046DCFEA 2ADDF483D7 794762779C 2AD340631E 50CF7D3801 29635CC5D2
@0000109E 2429959EEB 4D0240EA96 6DE0278B01 70A12B892F 510C3D4076 382A25FCA8
@000010A4 58F44E01E8 6A3E71D4A6 4FEB5EF379 0D37D6D2A2 53E66409C8 3C8AE5DEB8
@000010AA 69012C5008 08BE008A4B 7198891329 3D9DF18750 4664449C1B 692B59CAB8
@000010B0 191BB1102D 09DB8A40B7 7DC5376A1A 4667EA0FBC 758DD1E199 575FE864DE
@000010B6 486F4AE331 4CE2552B5A 43225DFAFB 510745C11E 7C438A07D0 528659D48A
@000010BC 517B718380 07B2131D2C 58883E71B0 615DB840AB 3F500E5826 0EFFA40AEE
@000010C2 00113D4563 6A00EE7972 6FB28A012F 6088D8E3C7 29BA821A2B 6801F16F34
@000010C8 54FB38C9B0 677DC8263A 0718CB94B2 003926981C 7B184092C2 4C4B066669
@000010CE 11942729B3 5520EFE7F9 09918D0C28 3B1DA34B2C 000EADBE51 0087EE637C
@000010D4 7B847402E7 5492C31574 101400E0BE 5393E665B4 6A989133F7 53C6B325A4
@000010DA 498AC45AE7 390BCCF472 0A0366D0C7 1CF41FD987 7001315E99 6D960E8750
@000010E0 68BCB2D2B3 4731E5105E 15204990BD 006373736D 30AE810FBE 68D9A340B0
@000010E6 19F1747C5A 3660F6607E 27EDAE417D 611C8EFABB 4D7F9404E1 4073FD38E5
@000010EC 48B439D39D 5E4C985166 7BB593591F 2C110AAF95 40AB166FD2 21A7B56D35
@000010F2 56C4E70CDE 2E8D9FA530 2CB558D260 374AC1378A 08DBAD214A 74B0C66AA5
@000010F8 4E663D4E46 029FE54D51 6551B99EB7 7D30E90594 55A0504948 28726F9F24
@000010FE 439BFD4AE6 50DB153997 26CEB01104 4376D7A989 639B2DDD8A 3CA7FE20BB
@00001104 30C48F5FA7 0D74974CF8 3C96BD42E2 14234BF716 799AF60606 38F60AC915
@0000110A 302F6634ED 47CEE75314 5C5B1F8E0A 23B3B927A6 745619C80E 525C8BC108
@00001110 3F50E09835 72DFD00991 39B81E57B6 4842E48D91 7837D39294 0358659125
@00001116 39DB1A65AB 2CF37FE093 30A049E1CC 1B33240355 1136053883 778DADC581
@0000111C 03C06A8E53 192416B7FB 1D76F238F3 547FD20C2C 526CDA1837 1596C9EA3E
@00001122 26DF671081 1CEA59B6E9 72BB94573B 2273183289 192491D3F5 6096F0E031
@00001128 706249F335 7527C08AA2 1026E3EC18 318CF379C0 03E12B127B 2A20DF7A33
@0000112E 3F5D567CA7 4F10F24B23 50C2089B84 4891B21CE4 472B7E26D1 6A3CC985E1
@00001134 1066E6B86E 4F0674EEC4 170A7834DE 022CEE210F 6A683781B6 59CFF72AA4
@0000113A 4C10091528 53BB99626A 722E7816ED 5B59567455 5F53F78EC0 37E6DBBA3D
@00001140 4533E596CD 0E89EF28B4 3CEB026CFD 2F1E2E922D 08CAD5CA4C 6A7B962573
@00001146 739694E4AE 2735CC56B8 56FA72DA71 0ED8D8A04D 13E3E20ACB 61D1FF1B14
@0000114C 613619B833 185E55A366 4BA1760408 7358634358 19FB8F9766 5EE6BA78E7
@00001152 3700056351 7362E81FFA 577C4DBA2A 747984920A 14692EC3E7 11F9D05D14
@00001158 36F38EB614 78FB6A0061 5C0BF4C75E 0C8E2EC552 3FFDB20DFA 5D9486631F
@0000115E 56A529D91A 6285C9E333 52A9570CCE 3F01DDC806 73BC8093D7 6F04523293
@00001164 21A9778B4B 092C37796D 110040D0A8 54F327D595 7F453D4EE8 4B90EF2B9E
@0000116A 0B9A85569F 411050CDBB 35F8AFA84E 710B566B1A 2BB081EDA4 36765C3632
@00001170 5CD0515BEC 23E0F508FF 309353E779 5A8DB9757E 334A123843 19C245E4CE
@00001176 117D2BEF47 4C6BC04031 4B357D60B0 0B850C6CAE 3A4DBF9CD1 3BAC4A3965
@0000117C 3325DB686F 51230213BA 0A692CD720 7B3B4EA0E8 24A0B446D9 753D455DAF
@00001182 37E844B4F4 1B86A3B39B 320A58A45D 797EB9C4D3 76F756A6D8 5AC32A5033
@00001188 750FC9CB88 2F59250BD2 6A55833758 332A787085 2410F109EC 35A0DE386E
@0000118E 01DD7106D1 2C8CC7339C 2F4E498019 4DC5A02C95 0DD855A8C9 12E2989705
@00001194 6E29439BCF 4E5A4BEF71 2E908324C0 5559E9EAF8 263D6ABD15 5EACF7C631
@0000119A 1B1126AFFA 39D009C2AB 182076F917 7BA30DC2F0 23C34D4A92 7AB57F7C93
@000011A0 6B180B2D3E 4617FEDD74 66C8BC47F9 5A0ACBA972 0BC8783A31 126DA93E7F
@000011A6 6B317AF626 3D6A5C9B48 44CD039F91 6383C6AA22 2E39899881 1BE65B6EAD
@000011AC 7EDC83BC62 194F8BFD0E 54096A4748 6562641489 5C25B4AEF0 0266A35588
@000011B2 3C4500429B 5AAE760586 4804A215A8 12B1922764 0683E574B8 5C6E0538E3
@000011B8 68321ACA0B 4399016198 7EC9E1147F 029AF849A4 60857BDB69 33958935CA
@000011BE 0981B6B40B 08DDC70B44 01A267BA8E 492720406F 36B994A68F 50500E1EE4
@000011C4 6CBD3D9208 0BF0338AC2 365B7E01B6 4949F84558 1B3D9B86C5 6173F09BF0
@000011CA 3D20CB7E52 47A98A4FC4 386C8A2694 3349CA789A 602F789A54 446029EB41
@000011D0 4AC0D2DDA4 2B24BBC80F 3737DF9B18 77FF6ECA80 46FC6458F5 5A32899024
@000011D6 1F083A48C0 1BCA141584 535941C219 72E243A53C 56577BA7CE 5B720A7915
@000011DC 4C35102899 706F709D81 001095C8B6 3EE22FA357 2FF1FF965F 61043BB23D
@000011E2 1548FE630B 3955719A85 6D1A12326A 043AE99264 05E64B0A58 11D361F7B3
@000011E8 6315A6A3AE 795817E349 6FAE831546 06F2EEB59F 2820A827CF 29EB4F2B3D
@000011EE 09836C7508 6A926B04E6 31D755C47A 44240F06D0 545822555E 519AC7F6E9
@000011F4 4B56FE4A37 435AEEC537 371DF11CB7 7D2801E69A 36982EDF45 36F5FD9231
@000011FA 08E4381801 5BF844D89F 5289292CA4 04176BB017 43D7FF4B41 15B2712238
@00001200 4A77EB0BDE 653DEB0382 70C3F61759 30653F2FEF 102D9812D6 7E4C2C7247
@00001206 2E81631AE7 55EB2D755D 19B2AA9BD2 06090741D6 6C61E0940F 327CE1BFAA
@0000120C 01E9A818CB 217358B8BC 1815ED6126 790EDE0976 03026E2F7C 18323D4C98
@00001212 38A90B0EC5 17C2BEA963 5BF0256563 266193541D 75550D04F1 3AAFECE554
@00001218 70C4B60406 22D4AE3E19 2F1E434072 5BA9F752AA 5AEF61653E 3300A5CEFF
@0000121E 00BE24CB53 0005D216A4 571573400F 09621FD8E3 003AE3DDDC 28CDBDF54F
@00001224 6EFA10C953 64C4013A92 6EB59DC3FB 6FDA88226E 7534774887 2C389D514F
@0000122A 7BCFFD6323 2BCA565FF5 2625D130F8 12CC3B79A4 59FD3CE69E 4505284932
@00001230 21DA6A02FC 25A813E994 5FFB03361B 561BB9AC2F 3BDB98817A 11A70A9200
@00001236 602BEBE64D 1693FFF482 4708A21A3A 0BEAA8C055 46CAB93A40 277A0F310C
@0000123C 1EC192B1A7 27BF42C028 0A13231B14 4B58087673 1138CA5BB0 3FBEDCC321
@00001242 0BCA38AF33 0D6CB7A571 503CB8D5FE 79A7F36CF3 05F3EBBBC4 72F799C288
@00001248 37476664C1 2F517B8139 3E472E6B46 3DD6A001EF 395D227BD8 49A2B3C607
@0000124E 58F2842A1E 18F5D89BCC 5003197C55 38888356AF 72B4DFFD59 43611D0BA1
@00001254 0EF31F4CBE 7DCAA83FC1 6E7C0F6513 01B5785D21 767156E872 75AF11A731
@0000125A 005CF5E002 69DA127668 2C631DD105 4D145B1E7C 67DF7F8387 5B6B5170DF
@00001260 5FCA410461 650BC7EFC3 3679155AD8 1848CD5121 2C25A677BF 2DD6A777B4
@00001266 1B04C545AF 7442E5A18B 79EC9B09D9 4C8C00C078 51B612B00E 462573F164
@0000126C 4F7C30C0F0 38852E83C3 7E98579A4C 028C509EF2 1558DC01C3 54FB2A0966
@00001272 7C41011E7D 1E00F9F783 67C5346849 4EA86F9301 0605EF46AB 144B2E73E0
@00001278 33E5B59B88 15B1B39ED4 57FEC5D0EF 14F63A176D 681F2331AE 664B4BDEBB
@0000127E 51FF37B3DA 00EE161A1B 592ADADB42 38054C24DB 711890D71F 2AC7E93A03
@00001284 769B676EF6 597FEBE2E9 23CBB3CC6A 1DD4175CC4 6E1190C363 1ACC89DABE
@0000128A 3A56F0B271 742B609DB0 4F93ADA795 2738BFD927 3ACECA61B4 100AA51BDE
@00001290 59B2A67108 50A186EC6E 09CD99D3B2 36343171BF 3FA4AFCBDE 6E9660EB41
@00001296 43AE8A5E3C 48506881EC 6006C9BB8E 4C2F80359A 13C16AEFE8 5565D1766F
@0000129C 6465B6D321 2B190AF01D 5A181C2D0A 5955CEE175 2B28A4CF0F 610D3D708A
@000012A2 188FFD7602 1FB9E6F50C 4EF4B24C92 5976808C2D 0C80BC3641 62A3A62984
@000012A8 00323349CB 2A8829EF3D 17680AD9A0 59F8AA4BC9 524616DC00 01F5DCE362
@000012AE 16DFF8121E 4D8372A68C 7DC1894463 67CCD5382B 4170F58DBC 7AB72CBD1D
@000012B4 2CE791DA7B 2A18FE5416 4F04DD4366 586B7F5F83 0DA8B53136 73AC227D75
@000012BA 2B4C24F7E2 69B70E4A1D 37C45E552F 3D1BD59AEB 4F45559AA2 49DE3E4149
@000012C0 0F05D5DAE1 313F9FAADE 72025C57CA 4A929A70E8 7639923C56 6E65B8CBCE
@000012C6 31358EFC50 2552FE121F 65386FA2B8 23697C24EC 0B596995EA 5799AEFC5F
@000012CC 047213DBF9 01108CB0E0 594DEBB66C 57361075DA 53C3B8AE34 0E3738D646
@000012D2 4F5E3EB925 74BB46A418 79BD342891 561C3BE799 11730FDBEF 2DE0952592
@000012D8 277366BE05 4A2938FFD3 5DF1809743 544EB71FD2 004F41452E 00DCD5E835
@000012DE 556414A372 3F8DCB0BC8 7AEB077507 106B73A2CF 1F872ADFA7 5D169C333D
@000012E4 00F6916698 5E294ADB06 00478914A8 084B9D1340 3ECE3D6570 009A714F98
@000012EA 31307BE28E 72EDC69946 60E2A00021 2C16B54B8A 3FDD8F5D40 69E6DF1C1D
@000012F0 4372DCDBE6 36825114BF 49BBAF2D58 7B61A1EA84 4AA1FBD839 169CE84A34
@000012F6 5F526E8852 6E2B7A3D66 0FB4C49990 6917431F7B 711507EBB3 5C1EF042E6
@000012FC 3DF6E8BB4E 7C6EB663DB 41483616CB 0FAD28061B 71EA0E8718 03AD8E4C03
@00001302 6189EABA4F 1999CBB5E3 5BE4FE2136 134838482B 1B627E5BA2 535E162FF8
@00001308 485DE99535 232E8CDFE2 4CB481D798 69D41CF445 5D39FDA792 73A10A6974
@0000130E 78189AB1BF 2098AA6F70 5D8B6299C0 37887315C0 0D438EC0E1 77B04810C0
@00001314 323CB86345 6E50504BAE 27C2307DA3 19028AA393 7BE4896B8E 520E9EB24F
@0000131A 546B1DA532 3E7EA532FF 7DC8E18FCE 68B0C00EA2 2354EE3B7E 2EC0C23215
@00001320 00DA6C45BF 641BF7F8B7 636112B172 2E01C33879 6CBFC06B27 301D60637C
@00001326 67AE8D1E27 6398AD6023 11ACA09A69 31A29FE9DD 361ED38E43 176AC46300
@0000132C 2EA8914CF2 4BC5B6522D 1F33A84D70 5CD9E42586 15E6E9A6D9 786CFCA659
@00001332 50530B2D56 1CA40024A5 0E32FB305C 06FD22D668 664FCEC66D 52FC634309
@00001338 106828E20D 6F2BC3BAD1 5A66F13572 6B0671C7DF 30FE47E377 2B00BAFBDD
@0000133E 02DC72775E 2F6E0012F3 2942E116BD 772F5995A3 5520011B6B 09A635462F
@00001344 1B8CFA871C 0DFEA6E2A0 5AB2161770 646449ECED 441D441FD5 0676AE4A86
@0000134A 290DC38613 7F061B6236 0B2BCD8D3A 682D81C721 7E415EC28A 7D3B5C5BD0
@00001350 1387462D70 517B002F84 16214D58D8 64E7D7EA9E 2C66AB35B8 1903C71947
@00001356 40DEBC7E4E 5EB5B92139 1895D82322 09BAD622BD 785EED1539 53DD8BE123
@0000135C 5AB769230C 460F497FAB 4E40793E4D 47E466B422 3E9E595A8C 5BE29C0C16
@00001362 4D22942354 3C1B426A68 09B224EB2C 7FD95D96BD 349DE9F55B 5FC336F563
@00001368 3CEB50761E 165D1D2E92 5D4C00D8BA 26C7D656C0 693EE1ABF8 135B8B0E62
@0000136E 46788DF37B 3FD7EA602F 6FAE665EA1 444C07B63E 6C79D45E10 3F0B8E03AB
@00001374 4F4FB0C98E 09DCFFD61B 640F6A737D 5A246FFB9B 78C8BBDE37 1A34346114
@0000137A 6F19251F95 54E3C270D8 2A5CD7C7C5 47C8A21EB2 7F6CF4B172 7257D1A906
@00001380 655E2CE3DE 7E8409476C 76C10F4E64 4AE7008007 24346EEFF2 74E67845F7
@00001386 057E682ED6 378E12FA3E 0255EBB9B4 530952796F 2DCC0AEA55 728F2C00A7
@0000138C 348819C408 2FE4196000 088018DF80 152084DE14 20241279A1 1E873FC405
@00001392 1B5187F45E 729C346359 46C1D4354D 61F0FC5A42 1BD1D4859E 46D2D331A7
@00001398 133FFD53FD 708544EAA3 785966989D 6958823B06 3E89781A0E 4A63759FDD
@0000139E 02AD99D3F3 2C0D784D7B 3B71692BEB 14BAD9D388 3C41D6457A 3CA4BA6DB2
@000013A4 633BA2384C 50952C6B22 251AC6BFF8 54E6906D6A 4F03618B9A 59D3AF2B7B
@000013AA 437B4F3EB3 2FC58D0564 307ED885EE 0B009A8940 20CED8E0AD 2978832F01
@000013B0 14440B8E7A 27DD26B4F1 4544A32D81 2486C2BBB3 1D3C4B27BC 0C595319DB
@000013B6 2C88AF6CB5 229202A31F 373658596A 7025582CF3 387525FF5F 345A2CA264
@000013BC 209DFF8AE9 4A30D17851 537B4C0F66 010B635FF8 1B1AB5FE36 6C6A4B0603
@000013C2 2E7EF9159F 4537EB8E33 6FCC443A33 0F2CA17D0A 34C5011A59 372C6CD682
@000013C8 6BC89BCF5C 6AF894C89D 0CE5FF260D 40C97CE159 1C8D43DAA3 33A85985CB
@000013CE 559E12D490 4C503A13D1 3B0216AF55 55736A7079 04BDC8EF80 7067649268
@000013D4 201D17CAD8 7FF9313DC2 6A813AD0C8 349C07A8DA 2EEDE82BC2 0F5575E53D
@000013DA 779D16A169 750C40A38F 23B22A022C 6EF24EA8E6 34D8CBD142 27D73D410C
@000013E0 562C1C899E 088A310364 3F86FE855B 07D74C95E8 50A1857CBE 4398DCADEE
@000013E6 281C9F3D5A 0C83E9F3F4 4C2DB11016 29174F368A 4F1953212A 04CA86F1DA
@000013EC 0EB4E0536B 2C6E61F31B 27027A88EB 2A1E06F1BB 3A99B5831D 44DF4514AD
@000013F2 2344F88422 5AA9EBE142 0E56ED50C5 4AA6E5A536 6141B481E3 1757E879F6
@000013F8 42DBAD2211 0C4AFBC99D 2919EDCAC3 1C1AFD9F7A 3ED32DDAEA 5C9FB9CF67
@000013FE 46E06B0400 5956C5D13F 3CD3CE0FB5 2821BF5F12 64DD660881 3E3E4917CE
@00001404 7FA4E2C0E5 1D304DF27A 6B9BE798F8 55B99B237D 7BB6067B00 302B78B966
@0000140A 118BCD5F87 290D8570A7 37BB53AA20 5979DA4216 50D520FEBA 212B7E00E0
@00001410 13F2338585 05AADC0082 6F27DAC023 40161E937D 2737604B4E 1F969A7627
@00001416 0E320ACEF4 747CC312A2 72C4C79AC8 59232952CD 62CB3E6C74 1DF7D0D778
@0000141C 7C1F7E0231 5357B0326F 638ED1AB31 41A8D571E8 62C87E5B68 336D8A76CF
@00001422 6D207A443D 792500C123 381C1CD867 6439E0D089 4460155BDA 35A219674C
@00001428 4E975E1584 29F6D36F49 4D2DDF3AB5 659AFE9579 6F76955383 5331C5B9B0
@0000142E 319F5EF6DF 7D539710A1 78BB309214 4A50CE550C 422371228E 29A312BB9B
@00001434 79B8400B54 220DFDE2F1 6CD20EDE28 045DB73E4C 1838BFCF35 02BBFD27F2
@0000143A 20B74DFAC9 3B5E1723EB 194BC2584F 7722790F00 16CE86D3C5 46075ED1E9
@00001440 6089282753 70F3254F33 7AFF8D1AAD 08974810C2 5D0799D0FA 7EE7409759
@00001446 796E686668 405F321C2A 4D0E0A41DC 7E52A37894 61F494B9B3 357FA8EB63
@0000144C 0CD46570BD 0BF60FD795 50D5B82D41 26F13D4B49 491B4192E1 2DF5BEBCEB
@00001452 1178E938BD 6D9CE2F365 79E82389F7 2858CE60ED 7692F74785 6316CA7A5E
@00001458 7497FBDC71 6951D4429E 520A685D23 0CADF31BDB 059F021367 3FFC5C910D
@0000145E 17A00D7B52 561C67FADA 65E8E2BC1F 2F912E2A8F 305677D418 3EA2C0FA4A
@00001464 7A208EECA9 20C6FA8B4B 5197CA2980 45A386714E 02DAEF7EE4 4808986503
@0000146A 47DC2E2C14 248AFB8871 75F5A2ED81 60FAB659FF 747A84E366 2A4AF310EF
@00001470 2EB6ADCF30 429FE43D3C 74D5943A66 67A13EEBD1 1E328D2C1B 65286DDEB3
@00001476 4A6A489AD6 7E5565F9EA 5ACDC105B0 5D505B849B 48BC8D7708 3AAA7E4FB4
@0000147C 7404077D3F 280D6A0531 2E2DB2AE90 70D77742CC 208C2393A1 42FC216757
@00001482 781C322E48 11D1E515E2 0E0464153F 526922BBC9 27D244DE80 1B3706A16F
@00001488 3C3DE5DC14 5A1FC812CD 39DB51021F 2C8ACFB739 5FB0FACDCE 30082637F7
@0000148E 762D2BF58F 495C2678AE 09E2569840 0C01842545 542A58C606 45DF18D2CE
@00001494 4CE73B4121 41FBF73318 29F66003D2 72A1E7C052 1A9A08E532 407681CC60
@0000149A 370C247CD8 200C2485D2 77C41F3C27 66F6FB4AB0 6B000F34AB 23E477C076
@000014A0 25F27FFEB7 251E333B6E 5975999FB4 13933F36FB 4F12E1B792 479462F522
@000014A6 6FCCDE470E 25702F072E 5872F49362 5A4E131B33 2783A337DC 7C54D4EE5E
@000014AC 7C5E08E785 481F966FA6 198D304E7E 0FAB3C262C 65E4F93B1E 57D6430969
@000014B2 770460D0DC 5B67DA1D5D 0F2667A31C 196217A590 69F10A2FEA 239B35651B
@000014B8 3E5ED41226 36DD4D93B7 2239C987A6 403CF02561 3A33C69E6E 4B5D0D0561
@000014BE 0AB2BF78F1 6D7B7CCC59 2048543EAB 17CF88213A 2B2E59F7D7 0B9145D292
@000014C4 20A095ED90 65A3A34F9A 5E39A701A6 6DB3E4A109 0E1ACDA23F 3C898CAF4B
@000014CA 70C31E4366 5E4AAF9E65 7647B96DE3 6D35E83AA3 674D04DA0A 0F44CD3901
@000014D0 5B5469098A 0686CC0316 558C4FC8E3 17A25FCCB8 70E01D0E96 30AD4F3E3C
@000014D6 3D9D3F3CAD 18640B24B9 53812E0A8A 2F76407B9F 3530078C54 71379DE14F
@000014DC 5C1B0BEAC2 40DC69E030 1BAED5A6D1 24239D847D 3278D5672B 7D13802D1C
@000014E2 383DBD094B 6928FC65F5 2A50DC9D52 087B808929 167B5FD880 09D665B9B1
@000014E8 07470A31F3 44463666F0 6B6F17C314 12195ACD2E 06EBF58FEA 480F825F49
@000014EE 57BABC15BC 2BF789E750 41F32B66E9 11A15B5699 28E60B7FF2 6676FCED6A
@000014F4 5EEAF02D30 5B6B84F969 79C677C027 79891BD777 75E086F249 03252BC5F7
@000014FA 2AAA68766B 5D2D081BC8 37F6CCBF3F 77CE49FD80 45E07A60DD 524553DF31
@00001500 5CD2A74D06 5CF770F04E 4C5A222FF5 02EA2BB851 6105C4338C 1DB02754CD
@00001506 3C3F26D715 1ECA28524B 49B55B191F 6DCF73A3D9 5F38FAE909 5BEAE11EBC
@0000150C 407835D81F 5B083B3310 61C84209AA 09E91BBDB2 6440C829ED 499D20895B
@00001512 6793CAAFE9 40036D806A 02CB76191D 176A0A117D 14C784AC51 3443F5A89E
@00001518 3E275E2AD4 02BB11D847 245C46F61E 5630A9755B 11979E5A14 4FC926BA86
@0000151E 7577AB00D8 3CF81F8DAB 09E912E6A4 008434977E 76EE01DCD1 53B6FBB71D
@00001524 367B13BA36 5D67FF6E72 3F3BFDFB7D 542D0E7720 4DB2F4D8B6 5B0FCFBA93
@0000152A 65288AA4AC 5BF65F508E 415C8AA5B9 0C350C1734 301A7EC85E 43439FF223
@00001530 5DAA6C410E 5149D7811F 7CA80DE334 34D3B18DE3 2DF476EC27 412220B6D7
@00001536 6FCD71539F 69A6E58AB0 134E2062B7 07A6ACA30F 7AB354C9D9 05885C79EA
@0000153C 20221FFB7A 7E15920B65 5BB4DABA93 6D89104F62 13C00BB3D0 4F271B25C2
@00001542 21117A794B 29BF405B07 3967BBBBEF 1BF9427BD5 2194F79308 56FDD6DF82
@00001548 2F695C36F5 5EB06F067F 0ACC909944 1C7DC08E8A 555FD1F7F3 7FAC0BA413
@0000154E 310337E42A 00942AE2FA 24A841D087 0F301C2560 41D4037597 306FDA7AE7
@00001554 01CA0C3A09 31C45C45B3 5A3EC8B8E6 7C792FCBB0 695F636580 3B0F9B70B0
@0000155A 2CFF3ADB3D 42C292235E 31984FEC8A 78B7B4794F 1D25ADB5AE 071E8A85F8
@00001560 19DDCC5871 2A1212BC53 06C31CD732 58484370D5 1C72691882 3784D0B97E
@00001566 17DAF4CA66 2F70CF9413 6168929C65 2CA520071A 4D356DD4BD 33E23A472D
@0000156C 0B6D3C0430 5C00265F38 77731820B8 681C424667 274A40B0E8 6DF4D44911
@00001572 4DCE494741 709701223F 71A94B2A6B 3820265ED6 6229CFAD72 7D2B190DE9
@00001578 0B954CE802 09D568CF37 583AE92B13 29FD8C75E2 2789853D1F 26A9D4B2E0
@0000157E 7C56A4BEF1 0B6F84462A 56DA58048C 2CDEFCA46C 3E0CD5CC69 6DA929A0FB
@00001584 452540C548 5F63EB504C 307A750628 4A9686BE5D 64D0791310 120E94398C
@0000158A 3BB6D255F1 7C2283C069 39E3FFFF13 02FAED31CD 2C90FDEBF4 6E433680EA
@00001590 5A6EA9BC47 05A56D69B9 28C801936D 11F2E8CB44 73FFB5BD82 3BE2C8D363
@00001596 089B574BB7 24E832A42A 0B9B04D405 3505E59675 42B7A34EF6 5DDB3F784C
@0000159C 58BAB14C51 3F4CCD8006 429820570C 239811A9FC 558550D54C 04C84E7259
@000015A2 1EFE990CD2 13AD9871D2 48D4FC77C2 1F226EDEE9 620B355FCA 7BFC4262A9
@000015A8 002A6C4BC1 587D2475FC 0A69830B38 70B7C57EBD 3BE73308A5 44F3CDD189
@000015AE 4FE14AB26F 70140ED98C 418DFCE680 08EE16B5EE 75635A7251 7CE287ABE6
@000015B4 656AE7EE58 6784F40F48 6D66A3E7FB 74DC9C5CE9 791722CBC3 5FA3B239C1
@000015BA 186A6995A9 2B509E082D 3FB0C7BC0A 7137DF14DF 196723CEC6 6E21FF4AC6
@000015C0 7C685F68C0 39ABE669B1 325F276E08 1073358767 3CC3550D6F 7E0AC1F150
@000015C6 37E01290DD 05024C3B27 0C1812DBA1 397F6B9FD4 33A223DE51 4F52597502
@000015CC 4E5AEFEBF2 6A28B92E8D 4665E6A443 2F90BCE18F 03A0D7C97E 60C657A61F
@000015D2 1BA6ECBA1A 25F5573464 77BE1E9539 7D0AE57553 3A121C0576 2FB7E76E51
@000015D8 36AE392960 3077172A7A 756C43E008 00387AF98B 1034D5BBE4 344CED6DDB
@000015DE 63F1C5E447 48575E76FC 23726C487A 05D618FD76 57F01EA3C3 6A2A7626C8
@000015E4 0AD2BDFCAB 115BEB4465 1EAB71D86C 2F18746CB0 12559A401A 1F2F775225
@000015EA 107B2FBC5E 0200C27BDF 2E59204A39 161793164B 010578E716 2316E59307
@000015F0 4ADF446C50 586C53D1B0 286415D326 274AF90536 5D6EC94EED 5AD37624FD
@000015F6 34D1F508F7 7BD9D131E1 76EF647219 4A292D93DD 696E99CCC5 1299BF15A0
@000015FC 7A2232BFBA 04E8045014 5DF16C0624 7CA3E90151 1310D7429D 625EFF8459
@00001602 6E6F371731 7B563506C2 4FBCE32CF2 6B9A86404E 25A85DE514 64C4F872B2
@00001608 687F2CF00B 1DA376E8B5 732C0B0CB1 26C73099D3 40D564E9FB 46D763B283
@0000160E 414CC9BC91 7D0009E01B 2ED818D9DA 4DEEF51C7C 18C1D68155 6311C188B3
@00001614 1D4D263B50 0BE288F7D2 0759CC3BF9 7988B5A9BA 5E08704B12 14C73871EE
@0000161A 25F9326494 46F268C703 28C3850163 0A02540A56 59D2C76A6B 3A85136383
@00001620 4A6D26B090 3935E649BD 06ACE24FEB 3106A7FD92 3AEF445D76 408F4352AF
@00001626 5B0E73D253 5C3C042D96 171E9A2457 5A41D22B36 7170912F00 6FFA92B87C
@0000162C 73D165DFAA 15905799B9 52C9AC7A13 645891D7AC 67836943B6 0FA40AB1DD
@00001632 7910A3F4A8 6A6F6D862F 5FBC1212C1 1795176566 63EA0E26C8 1A131149A4
@00001638 440C8ABF8B 0A8B88BC08 711BFDDA29 7A22F540CA 5EE0451162 70056DE11E
@0000163E 4072FDEA8B 18A5BC5BD2 6E7F2194A0 30B9FC5E17 62C0862FD1 42CA198221
@00001644 485790D88B 6B78E6E8CB 45EAE35E86 22314E5F3B 08C51B0D5E 4705B77A5C
@0000164A 50F1560158 0E8284679B 28ECCC64EE 09213BF832 466EC0BF1B 58C9EAA85A
@00001650 6FF85F797E 7A7E037641 4E2ECD0A4D 34490FDB3A 5FCB65150D 585C4DF965
@00001656 0A029C292F 78E8154680 30F2CA8240 4972DDEA4F 6E75F9EBD1 6013BFAE7C
@0000165C 67727A55A6 4C3D0892D6 44E444BE5A 22AEE35037 4E6E53C31E 33B4B09704
@00001662 7964FAB811 6CF3054795 34FAC4560C 2B98A32904 46364A532F 2F82E96D06
@00001668 20A46434A4 6E3D609704 4BF6B5E29F 52DE44F522 1FFD78921F 04839B5074
@0000166E 7ABCE83DF3 13627C1470 6606BBD824 4B34D40A12 5D2AA6129C 7C3800EAC8
@00001674 2745EDC381 761CFF7DEE 4DD63D669F 3BA83599A7 7865C2DC2F 23657AAAC3
@0000167A 4C9989D379 5E12D7C5BB 07EA251EB3 277973D884 756D244963 736ADE33F7
@00001680 399F33452A 32251D9A62 19FBBE27CE 01DF817758 72F0D50EB4 0D207DC67F
@00001686 19BD3B3003 40AF09DA1F 4AC5D0A16B 525AA23959 7DA26F741D 03590D89A1
@0000168C 755D4500AE 3C6882565B 522ECECC24 1D5869F3A6 28C4FAFE69 501F93F01A
@00001692 7D3024973B 026172539B 565A0BACD3 7E982B74DA 307BF0086E 5FC67FA4B6
@00001698 5E40C67489 12DB0450DB 123DE425DB 224C3E9F72 3EDA3F7F5E 5862BC5B97
@0000169E 5ED6A36B2D 0D1AF4EB09 3A1CD514C5 5B64D78A20 4B79D9E155 53CD17CDD4
@000016A4 1C71D24F59 4D7EA78083 7C29467061 14E9B940A5 3A1E50EAF8 233EC01A04
@000016AA 65389320FB 2FBF3EE4BA 2F08C7E055 7D35E2F0D0 1D7BDE3BB7 16A7DACA40
@000016B0 3E493A68C1 4FE6ACC604 146CA44D76 510476A35C 11CA627CE5 6E7B846A33
@000016B6 0F70C8CED3 537B0FC3DC 2A95263827 5B7580967C 7E09090FD0 3CE124DE0C
@000016BC 40CBF899C7 381D773286 7C41275537 071228F8ED 3BB0676AB8 55FF02C695
@000016C2 00F432D221 475F4EF66F 199CE419C5 0A24901BF3 12849EE502 0C2AA03DD9
@000016C8 58B3A36AB6 26A85FEB49 47DAF1574B 08EBA499B4 3BCA5AB6A3 33C75A7E2B
@000016CE 24013F41B4 1286BCB422 1754013874 3ABCD7BA47 2746BACA3C 5CB37A03EA
@000016D4 349A9C8146 1C3B05B9E5 1EAB71EC7D 05A3973DCC 70C2F854D1 29A147E8FC
@000016DA 1B04DA3904 171358C4D2 4D1E6DAEBD 73989E467A 5C326DA664 7BCAE0BC74
@000016E0 6FFD56DFEC 29D27C0A23 053A5AE181 346D19E34F 195FBD2317 51611B01ED
@000016E6 03E1925BC4 756079B47B 7B34F5B010 46BE173314 140C98D430 093FB746CB
@000016EC 44F83D74DC 30BF0B1960 5F355A3DBE 09A3BB7F25 5250A5FCDC 51FA671E9C
@000016F2 6CDBCD9C5D 6AB79DF6A3 38F2DE825C 646F017430 1BD73645E3 6583A8D4F8
@000016F8 239D8C7547 15B80D7E2D 6B5C26F4F2 543ECBB2E2 3AEFBADF7D 084AA7E2FF
@000016FE 07651E9B91 739CBCD2D7 181E76B4C7 28F85D0DF2 3D5B9AF7EE 495B61E12F
@00001704 1197ED3824 391318FD33 22534E4A3B 2E3D15BBAC 6894E26C2E 01D9045DC4
@0000170A 4AB367A30B 34D211566B 343E1BA602 02C4B3C7C4 4F88B1F721 44F6BA1D76
@00001710 63DF0D22BE 0C262B57FD 1764414DA8 519C0370EB 235BE0A437 74EAEA33C7
@00001716 257112DDE8 1F32EE8E78 5F9CF90B05 04BC595770 51AABC445E 4F17EE06FD
@0000171C 5B742A65C1 1FB6B50CBF 75FBB8DC78 656FE14AA8 4AC42025B8 5AD4D11FA7
@00001722 6C5C643FA9 6260A3DE65 7A5859FC12 1E213BB26C 71373DA60D 4A8034CB53
@00001728 1ED1191507 3A906D806E 4B213BAB67 02003F40D9 6CBCBBA3A7 34BEF6E9F0
@0000172E 53C5A9D6D5 432A50494E 364EE2AF77 3153DC98A2 1E15F8B24D 6CB1422B5C
@00001734 12642E6105 3DC0162F5D 5D2FE68BEC 22611D7E96 68EAD41616 42C5975D8D
@0000173A 69AFB3FC8E 2FCCB1F46B 5EFF292A8C 7F1B432C59 01AA590836 7539421A0A
@00001740 14356BDCF7 1F91072531 38BFA913F5 38B83F5F51 25681D3351 1182F355D9
@00001746 68C98B61A5 0CF6AEEA51 111145EBCB 3E58F2F078 4D92D09258 24EC1A4C25
@0000174C 019A4AB595 6CF15B8726 4A6E78F1C4 17EA678D09 016208C62C 24DA10D6C5
@00001752 58CFBB8064 635CDCBB50 532ADBC40A 34AFD29BC1 3C92E5A29C 0BD3105AC1
@00001758 4370DFC697 1D3413F2DA 313893E473 377A6DA062 586FF81542 61DF56A378
@0000175E 07D69C85F8 56B681DA60 613E39DBA4 6E0C4016CD 44FF0F100B 4ADDA58CA6
@00001764 66B3F48255 6128461096 7F5F39465E 207A462D00 7C22FCEE0C 2749F5A8A4
@0000176A 5CA3F373FD 6A7C575E4B 5CC01DC759 255A38EB97 460BD24342 24143C684B
@00001770 32B5F7C38E 6DD771E73F 67CF68999D 0318C6E2A6 2DC6A378C3 1BA70F2F2A
@00001776 54E23A2618 3DA7CC5A85 72D83877A8 72776B6F48 70D85CD619 67080D8F7B
@0000177C 0915D2ED5F 1616FB4AE3 4AEAB95BBB 3BDE08397A 69C692C9E3 1E3F3B334D
@00001782 44095D8820 62A2C84AC0 293E4A4CD4 7651DE4265 5B18DF5E6C 20E2E180B5
@00001788 21031089B2 6F13A18662 01EBBF7CE6 051B4CBD68 3135C5A6B6 5A2F9E482C
@0000178E 594F56D5A7 66AC88C7AD 5F68DA8854 4C804DAE3B 2612F6A0F6 2F11CAD037
@00001794 06662C08EB 3CF0FE6CB4 3E9576ECF2 5E80A3D387 7340EC520D 6969F5A2C9
@0000179A 4BE5D16F15 3473AEF395 0D76B04B76 6A73745635 64DF2E25D5 26A921FED6
@000017A0 6EA38F6F64 73A619BF33 06A3A64C54 0C9BAAE028 5AFDC10062 470D61CBDC
@000017A6 48B7EFA4A9 1002BE3428 15768A23AA 3443EF835C 0D06E1068B 0AB7C9DFE0
@000017AC 3F4EA72D12 2A6AA6D017 728B2DC9F5 258EF6BBD3 21ADA0A79B 29BEF7FD37
@000017B2 3A83D09E23 1FB4AEBCE7 6FD28C92F8 313532B5F9 61F4433490 3A1720B60A
@000017B8 5444010EDA 7DFA4D6F21 4BF1BB57EF 6459505ABC 7ECA4A35B7 6F51BF76F4
@000017BE 34C15463C9 6F90230CAC 2368B96F09 4A8A58C1DF 7472877E2D 4EB9407811
@000017C4 4BE27F72D0 7468F01602 4D26BA71CC 5D671CE2E9 59B059DB51 34EC44386A
@000017CA 537A2B591B 216E53F56E 66178268C1 549F3A593F 0B3A410153 78E3CD9B68
@000017D0 6FBA919CA3 108956B579 7DECC99F33 3E653F0F4B 7E22FC2090 3FE08371C3
@000017D6 2920CD5180 1FB975247B 487B19FFF2 29936E85D4 03D9D6BC09 4D611CF226
@000017DC 0CCFAF13A3 7BA51CED64 3CBA28B09D 146ADEB488 4B05561D89 7F28BD4A98
@000017E2 36A6484AE8 113F41EC24 291A54C4D2 68EE350884 13378F87F2 7517475020
@000017E8 0B36503D19 208BB27BC7 514329F66C 0E3F9FBCA4 3FCBEFAB4F 49A0B7AB8A
@000017EE 780CC39539 56E2266226 458053D73E 1F4BFBD46D 6DB8550FFE 5B3102594F
@000017F4 45CEE55D5F 1F51B04121 1EC84BC15E 2AB4A91275 350C67A310 1A1B428E38
@000017FA 2A00731E8F 3418DB72D1 3353BDF4C8 5355A62F3D 530E39A602 7D8D69B1C2
@00001800 5A7FE7A9F7 716AD3C3FE 26C8DE8D12 3980662BB8 3887ABCD0A 766A59FFA3
@00001806 7E31E00E77 00DC7DC292 2BACA675A3 49828E8A31 7F01CA8C5A 1726BAC688
@0000180C 64C4E7C2B0 4214CE466A 4DDB18243D 13F7D756FF 510C7E7303 42148EEE9A
@00001812 2ACCBECD2E 2E586AAEDA 1F943D5B1D 7CC576D4FA 2B85E5FDF5 76C1E04413
@00001818 4EBC80EBF0 2B40370BF9 60BC4C3D1A 34DA9A9B84 2EDB5CC4E4 74A15B2EB5
@0000181E 12DF9FA361 11A5C6EC03 2C57ACA158 571609832F 2F941F1AEE 50A9E156D4
@00001824 427537AD5F 5CD1154528 60C93C9DDA 58AC150B3D 7DC9FBA383 7D00D34974
@0000182A 790C4FA288 5269253760 28E2C143DE 353E35E8F6 3A7B21E2A3 7FCA50F8E4
@00001830 01EEF83D60 37A7B2448B 72508BC9BE 4C49066497 3C777DDB3F 08E5C94CBC
@00001836 3510579D29 4732DB29F4 24F03C4F56 2CB75AEAC3 6526A489B3 613C9C390E
@0000183C 62264AD451 4DB5C9B54D 1448CE852C 12CCBE4C0D 603ACD32D8 59A2D27E88
@00001842 431F9C904D 28A7F9F4B4 26406F9F48 787F92C37E 351FDEFB00 5A4837A58C
@00001848 4C55EAE3E0 5C9CB9B6D2 1AF8D465FF 2E440222E9 1DEEAD5351 0918A866FF
@0000184E 0887D3721A 63BD0829A9 6F921629B8 1DCC5F3D95 1DFD5ACF83 0E65DE0233
@00001854 19334FE1BE 652E641E37 567A285AA9 2784AC2D3A 772754FD2D 268F34F676
@0000185A 074AF634A3 6165321719 64367817E4 30EEF0F183 79CBF97E2A 0FB69F0340
@00001860 5A3E3B2A3F 3CCAE7B1E1 2205D67322 77BD6B171D 1A43A2B16C 164E8147EE
@00001866 3086E33B90 3E8CFE2042 1EAE1DD9A5 6FC967DC5B 1833CF09FE 115C4DD07B
@0000186C 206B7CDE08 6087CF0FC9 56E4DC5A4B 75B186A634 78ED36CA1A 0CD2EF4469
@00001872 52F30F4CE0 0A8E694A8A 3AAE6019CB 24256D90EB 325AB61B11 10679026AE
@00001878 43B072B076 0E12F539C1 548133B05F 690510B3F1 1221C6D195 7EF77B2CAE
@0000187E 737FAFCB61 7948427BAB 19190EA428 6F437A3E6B 4F15DF2512 74BFD5654D
@00001884 2EAB560B0E 51FACF7935 5889BD7BCB 2540FCEF43 4FC37A3515 77E3CA40A1
@0000188A 550F671140 64C953DB56 78796C4BE9 09499D20CC 531B93C2AF 1F7B875C68
@00001890 2602EF3AD5 0D67BF9B6E 3E38837906 09EB5FE22C 43F03D808D 02189A0A67
@00001896 1FB3AA52B0 0DAE30303A 6640BE86F3 38F038600C 681DC47D53 2C6076C26E
@0000189C 22CFB15979 134A2ECAB7 48C5641AE0 1E8F9F9333 75A1F06360 3DCF8A2C7E
@000018A2 617DA7788C 6DC184DD97 01115CF003 1B0692DECB 31F6D5A171 158A70C37E
@000018A8 06F5C0057E 39034D1FB2 78E76DCDA2 00D06DA3B8 17D847DD2F 7E0A33B321
@000018AE 167CA5E7A4 2CE1AB0375 7C3C010735 19A97ACCC9 76F26CD67B 056A2592C3
@000018B4 278F11ADE8 31A40A9506 29039078DC 55AE151F73 4FA48CAA8D 4B618104C3
@000018BA 2FC7D251C3 25C91E4A84 02CD30F31E 753BE936BD 54FD7A8261 3A70B357D1
@000018C0 72C60750DA 74CE9C5333 6B0A40B4CF 4958FC4A64 74AB552499 5D2BAE99BF
@000018C6 5DB26A83A0 0FE35FA08D 46B8C6EEBC 61B17076FB 6187B37C05 5D35A8BEEC
@000018CC 17E48419DC 32699E2667 4197884004 613B97C2E1 7C0B432413 414532E192
@000018D2 583CB081F5 03201D5C07 5915C5DCF4 59069B21C2 3E8DA541D3 6ABFF3DA75
@000018D8 6A2B4E3E05 5B0DB8A40B 0B26DB1F7A 65B0479FA0 6DFECF2326 4658C4ADB1
@000018DE 3475D08875 1BF25F950F 741A193934 6CB8E20A16 52EB828DA7 3E5854198B
@000018E4 2CE15AA4E0 056D3762D3 260CE39DBD 4E5EEDF8B3 4539991692 52AFE1AE4A
@000018EA 6F7D908B7E 1EEB9DC875 2AD11145DA 580A7CDF83 0A4FAC331A 7F102B0BF0
@000018F0 2C51528CC8 29B5020344 6D33A5460C 236FE3EF02 5DB14960D3 22CAED9853
@000018F6 10A9F3BD77 5D13F476D8 756A72B72C 7AA1D45B64 5706DF6189 2FE2E34927
@000018FC 3FE2729EA2 6D9A415D79 5C7798A02B 5071E7198E 5EDCA010BB 6E1DF45C40
@00001902 1A0D836485 2F42027094 39C1160CBC 7906495EF0 1AA82F7FB2 72712F2B03
@00001908 18D72D5F39 23272DEDD2 71B999E95A 485D6EB685 348A08ACD1 19F5DF74E3
@0000190E 0D88B0824C 33150CE20F 141D92A698 0813377846 125448E1BA 67B4D05DA9
@00001914 063D96E60E 495C79C406 2AFE144B77 442ADD5223 4D639B37CF 64ED2580B0
@0000191A 6BBD9D78AA 2C5387A558 56C7533872 5599766E24 4652362DFF 51D45CE114
@00001920 4B8EB37E94 5E15CB7D19 2710C40C62 7ED6C84248 35065551EE 06E169C291
@00001926 2451E40102 6561FEAB74 5E826A14A6 2D88D2A292 51582CF453 1AFD5910B6
@0000192C 5CF815DEE9 6A10F1C2BE 40B03CD877 52DC1ABCD1 4B9607714B 6F1250007B
@00001932 46DA4CFFE3 13D0985146 30378F8FC9 6CB0C1E0F8 15B88583C9 04EAD12B26
@00001938 38B1DDF9A3 337BD247F5 04DF0E71E8 2B87282E41 040864CFC4 4446956D49
@0000193E 15C6BC04D7 58C508CC84 47CC09358A 44584ED5B6 00613A5240 4B94F8D7F0
@00001944 341CAFCBE3 419A72D951 458B1E7FAA 1FE06F7DCA 551204EFC2 623E8BCF29
@0000194A 2024589CD6 0CED1618F1 5054B12DA9 4A238A732F 5E68CF1F4B 2479CBD043
@00001950 3BD6857928 53AC243AA4 6A4CC82CB8 67CC1992BD 1ABC0FCDB4 7CD4EE92BA
@00001956 2A23137E4B 02E388BD8F 5D28446A03 191EE8FDBE 2C99201E2A 4FF3AB67A8
@0000195C 6AEE08C816 34E89ABAEE 3C663DE4ED 45A21D544C 3710B52DB1 40D4EB753B
@00001962 40EBCF5B0D 4B41E2B8E9 0A79A42F91 0484F8AC8F 165533BEDF 431E1D5267
@00001968 0BC65907C3 3E90CF7947 3B53665071 48CB37A4D3 09809CF3E1 78446A6550
@0000196E 1997BEF424 0CA62F1878 5BA34BC69A 1C2BBE469F 729EA60967 63F65CFBFA
@00001974 775ADA7CF6 57BF72540B 4C09A46A15 7B1E17BD3C 53C726F6C1 72ED5DBFB3
@0000197A 1FC74AFE51 5B889161B1 29882525C1 77D6736F6A 1BD3222C41 53AB406BD1
@00001980 1ACD67AC8B 6203B195DA 06C638AA0C 20D56FF90B 7A20413EC9 530CD85E9E
@00001986 1C21D23B65 7EBCD21711 52A96724C3 4A00988E18 74E661B972 6B7C6F9D88
@0000198C 7978FEFF18 4ACFC833C1 72703BA7B5 4D78C357E9 0BB961A4F5 7835C5A511
@00001992 4A56F3B22D 43E8CE3B55 5997AC99C6 411A2C9876 6D6904F838 03CFCCD4AB
@00001998 029F9F7CCE 0C685057DD 3B93E902BA 0A4E606FDD 4EB7BB8EFA 76D2A99B4F
@0000199E 1618EBF4A2 72FE99B5D1 39D759B204 327ADF7128 2477317FDD 4199F42C1C
@000019A4 04C529E33F 64F13EC3C2 79343459AC 590DDB867C 3C77469BAA 5FD2913D0D
@000019AA 13AD7973DF 63B510F9E5 3693EAD1F5 5D255CEB11 01AD29895C 41A6DDC36C
@000019B0 78FBE61FA8 10533D31C7 5E19153399 6873631BE7 70A317D9DC 4D152DE76B
@000019B6 20881B70A3 7C5BC7FE1E 4149C4B89F 4E3106C604 39406A6661 3431A4BAC8
@000019BC 32E3DAFB06 5EBC01E356 5833FAA382 35D3F232DF 11881C395D 4490042DD6
@000019C2 6C79EEABE6 35C7F302A1 4C8DB0C7ED 328FBF7225 4AF91704D2 503EDA7707
@000019C8 4858BCCECD 01B3FF6155 1B6FC3DB3F 3874629667 25971A8864 13B37FD71E
@000019CE 00E7908734 57DB6E4E8C 57AB0DC0BF 194E812D5E 63B30B045B 68D7967DC7
@000019D4 0DB90CA369 49521266B2 5DF050B5EB 502942623D 6D0A5E114F 10B6F698E3
@000019DA 52A168784B 580FA46E17 0634C665AC 0C74F52F5D 64A5EEF210 2C8C9802F5
@000019E0 6F40186449 5C532C7320 3A8D0AE963 4058BCC2B3 4AC919AC00 146F0E86A2
@000019E6 16100866D2 2351AB4D48 2655E28CD0 2E6B459ED7 07F5D03DB8 3CA4235F57
@000019EC 5D21E48FFE 2E1B8F0C19 1A5957DC3D 1C96983EFE 757393A14C 530A043709
@000019F2 6779013CC6 7D1F1D51CD 0D2D716BEE 0AE6EC6B13 548974B786 09AD0F98E8
@000019F8 564B9DBB23 23C1CF4785 52B1366EEE 7FC62BB682 1877D0D8A7 702CAA321D
@000019FE 640CA7C152 037A7B7D5F 0F312C8C94 1AFD60A5DF 359CB9CFE9 34E03D1F14
@00001A04 011E73D667 537AB53AA9 1EB62901E2 2287F70FC8 345D7BEEA9 5DF208CBAA
@00001A0A 1199A894DD 2E3ACFE198 0B93D73B0E 6BBC0EF9A1 66E84FE359 4FC42C63D5
@00001A10 1A9C47EBDA 6996A6ACF4 0EDB150A65 0E014ABA36 5069C3A2F0 06B71A0F29
@00001A16 3896291115 3FDB0022A7 5B9CDD1E3D 2F8ECD5D57 7A9175FEAF 6EE301071A
@00001A1C 3D0D3F11AE 5545DF13D7 5ECC8C4289 3475FDA27D 130CFBB178 5A2813EFFE
@00001A22 1AEE33A29B 2D03C58916 05F0200C70 07B4734A48 4C296B01A6 062369AEB5
@00001A28 7917083868 6DFF7B79F6 4DEA055ADC 12AFBA6DDC 6CB24D58C5 6416EFEA37
@00001A2E 23BD1BCA9A 1F2763C2F3 11C55A90C3 63FF69D4CD 2C5B4A35DA 3E2F6281C2
@00001A34 1CC61F6011 0C13CF930B 3093E8A882 00304EB2CD 0086DC4C34 7327FB9708
@00001A3A 6720155AE3 4C5A5922EA 610F47FC88 6BA5DECA37 3F461204E9 1FD72FF554
@00001A40 44090D0D14 71ACC2A22C 23DC065811 0D5F89B3D2 3A9A0E6932 5C9E70C436
@00001A46 1B64B9D9A6 71C45B6145 462DE7D3E7 23AE02F7C1 2F08466173 564C5ACF27
@00001A4C 765AECDE8D 0A090C38F7 784A7F480B 776F6FFA97 6FF6558EFA 561DF90D49
@00001A52 5F7F231326 4236C449D2 7F81432A16 6B21BF0096 4CF0508E71 3FF67F52EB
@00001A58 4C1D1D0FD2 35FFEFF8E7 108F1453B7 16C4839598 7A7545808E 5927FBF26D
@00001A5E 022228D91B 57B4CE98BC 56929B0213 450C9EF405 64AA6CABDF 3E43A5BC38
@00001A64 7BA0FB7D86 065815EA61 33B2D23C06 77F02748DA 36F741DC21 1E7062AE88
@00001A6A 49F47788FE 6D45A3FF87 432875B7D4 5BA284E640 0F79D48D5D 6EB76A3FAB
@00001A70 477D116A3E 549F1B7079 6C5B47CB34 29F6E333D1 7A9DA3CB84 2797586580
@00001A76 7CB2486F37 68DD659B96 27731998ED 5A1409E2CB 4FD2E7ADD7 3EC2AA7660
@00001A7C 5CEF4E2B50 49D0A4AE31 2A5C30C309 7A652CFA31 453872F3B8 426BA46C4D
@00001A82 531D302FC9 07E7CA9363 2AA23C2D7B 460FB35AD3 39B49D39E2 5B2374CED0
@00001A88 6AF38CA44A 710F71BC34 298FADF110 66FC5CD612 1CD4072354 652C69759E
@00001A8E 5294B2392D 6E58DBD5D3 320A95E771 077FEF5476 5F38A06BD0 7278E89AF6
@00001A94 0BB2301E1C 450B86D4AB 4791C4DB34 4793A3DA96 64A965E9E3 269E95D99F
@00001A9A 37A7B9D4E4 51A1B6C9A0 36C83924CC 07840A2D38 7C470CD182 1B59E975E9
@00001AA0 19898CFA45 1836C09E44 190F4E76E5 666B1B8ACA 6EF339AD29 7851CC7C85
@00001AA6 5923EC89E8 6BF27A1F77 0BAAE9190E 1BB52A9DEF 54E0E2471C 7D64330DC9
@00001AAC 6E3CDC1FA6 47D6164854 43F03F3621 64D02AD6D6 2EBCD98E4D 2BF59B5D5A
@00001AB2 4DB4F5DCFA 32CA1A7F44 6F32E34DCC 3F52AAB904 607D185132 77BEBFB035
@00001AB8 4F1C8B9E04 6EA55D5D80 00E0C75CEC 7151C7CB4A 7C35CD1448 52413FAD29
@00001ABE 6DA22B7B66 3B278B6071 64B7C8865D 6F558F82B4 278519F34E 1F082BBA85
@00001AC4 67E9A45AA7 65F8E967DE 289D4F9D60 62E6B81BA1 7CCE397A6B 353E147761
@00001ACA 6506E314AA 6E0488334E 1189B54FEA 652000771E 478323590E 2F003592E9
@00001AD0 4A9ADE2E67 602812F984 432293D576 255A15A260 14B1C6DE95 02F801E04D
@00001AD6 02CEA4AEBD 16979BE813 24A12C93B6 211D5A3311 502F1E8DAA 07197C83E3
@00001ADC 589663AD8A 3A93BF7993 0D24E713E6 4760071C3C 6B0992004C 1CDD06AC94
@00001AE2 0DBA02B791 4D765C1A49 7275AC7D09 07B5DF45AF 293CB44CCC 24146AC52E
@00001AE8 4585AE222E 5691EB1980 7F74AC38AC 4AFAE98D12 7346298700 39210E24A9
@00001AEE 68EAE293BC 12B6971CB9 02661B8359 19EA2FBBA5 724D9F0349 3A731D0BCD
@00001AF4 2F0238E5CA 27CED1D7AC 16C1D2965D 6AEBF8D2B5 6D68DE4392 09486B9E22
@00001AFA 54C2451AEF 65B235E777 7A8C513512 1309FCD2D7 03BD7DABE8 705901FD2F
@00001B00 5348946B10 43250CA4FC 2DD31B4CB1 31E98272F8 551B13CBAF 7D210426E7
@00001B06 795A138AC5 749A1900F7 52958FAF85 364AB76730 785579C143 0588509564
@00001B0C 0D6AD4591E 0C09E3BC61 3EB6B40A6E 7D5C537B00 6EFD4BEFA0 0B3B03E292
@00001B12 27BA826887 712133BA20 44425ADB1D 336D68755A 2C2BABC938 073A348933
@00001B18 1902625D4C 718DF199AA 323B6B228D 413B773191 6DFC42D9D9 5C0C15D734
@00001B1E 1BBE5E7E0E 456F20748B 2D9E301AF1 5033CB430B 3A11551C4B 6D8E19E7C6
@00001B24 3CBF007DB2 47595BB164 242E322B16 1A5E545BBC 01B07D1246 7D34414611
@00001B2A 796ACB9B03 0DC64E033A 4AA11808D7 345C53109A 437387D202 7F1A881E2D
@00001B30 0BD58CA1F0 767A5DB861 1E21ABD8C7 00DAF7C7FB 6C3116A221 0FEACDC44C
@00001B36 07B944D5CC 36070920BE 515F7F5385 40CEEB2CB4 6ADC9CBF7F 14D1E0D949
@00001B3C 2F190355ED 17A028E3F4 4AFDDB1EC3 68EEF76812 1D5D82E2F8 0E9D29DAA7
@00001B42 33F10DC898 28C18B55FB 3728CD8B8C 4ADE313F6E 3392FD0964 79A0EFEED3
@00001B48 23D6ADB426 67D4AC82B0 7ADD37EBC0 6D7892FF6D 248F81A7E2 6D54F9D060
@00001B4E 7423097854 18E4D37D80 3976A1EC63 115AF98BA2 37E3259814 785472EDA8
@00001B54 12A69E504B 082FDC46F2 529AD16EB7 3208B7CF29 38BCB83AFE 3CFFB95F10
@00001B5A 62BE658C66 1D855995A6 361B2E20CA 10B593762C 5F91BAA520 710F311F67
@00001B60 5665BE87E7 2F535648D5 2D04C0DE8B 2B68BFE3AC 5AEB2D1A7C 19691229C4
@00001B66 4FA7167D4F 2989CAF684 37AEAB6F82 0EA057CF2F 5AC24A8948 1CD5F8EF19
@00001B6C 7E37676165 2D94F64EC9 0946D5D9A8 095AEF22A8 59A857112B 509B6AAC58
@00001B72 3ABF56B814 2D325A175E 4D70DF21F5 19AFDD3378 08AEC042A4 21AF2C474C
@00001B78 4BD5770E82 7E7D6F69AF 5D3A1312A8 67A70D4AD6 3F937D0BCD 0A92A7A306
@00001B7E 09E7CB573C 116D5125A9 25455509E1 3B272CA535 15A2302308 6C86E568AF
@00001B84 1E1ED80E0B 78EEA36918 5986C25E1E 7A71DF2539 309FBEA37E 2591ACD588
@00001B8A 17A4C1D0CC 5F2A0A994D 420F2E9BDF 62936FE0D4 03B2AAD796 156C7DA66F
@00001B90 60941A03BC 1566079361 5BFF774908 116345F719 0A15130D93 2B29DD0D0A
@00001B96 16B88AA4FD 0EF7DD975A 5071E49F58 0637DAAF56 707E4A7095 54A4FDA5E4
@00001B9C 35BFC2A105 476763E0A5 1275B14A4F 4D70A9EEC3 2A9F59FC5F 11B615209D
@00001BA2 060C0A2F43 54E6EBD3CC 4B2A8C16EA 376F861EFF 503462C765 6A66C6BAC6
@00001BA8 1F32065F41 25D98B0EEC 53CEEC30FC 14CDC4564E 743FDDF26A 52C9CB2D1E
@00001BAE 2BD3DE1839 4496E91F2A 5D379D39E0 084813428D 284DEB0F84 7AABB15BB6
@00001BB4 4FD9E07A7C 4A1C9B9AF4 337951821B 735158BC6C 47B536592C 4DDC5A171B
@00001BBA 279C1747CE 20BE3C5F47 0A197BA7A0 07C6A3BB69 63C1701896 7AE7ACA254
@00001BC0 53BEB13F1B 3D5489D1DA 7BBB4635C6 35F2E6B5BC 60091D2370 45EA2ABEF8
@00001BC6 5B3BB147E9 4627CD58F0 0978BEFE97 1E14D7CFD2 0DBE3CB599 45ED9839E4
@00001BCC 73DD5D0E2C 371BBC7EAD 209BD6D2C5 1F866CC8B4 4996262A69 65B37AA0AE
@00001BD2 75358DB2EB 123AD2C72F 01A5787979 2C910D3978 116BE522C0 7516B4A88E
@00001BD8 64ACC86034 7374A12AE0 4C589362DF 41DF08A5FF 6B695F5A91 7B095EDBF6
@00001BDE 63E899E366 63D281DA4B 082638659F 4BA27F71C5 6E81F1B218 5C236E3FDE
@00001BE4 0BDCCBC931 730B73D380 13C1847C44 01F5ED8665 51D1A0C0AE 3CC7C3EFFE
@00001BEA 77A4A9848C 3B2B92C9D0 16776F0A77 67EFDA9670 7D96CB7E40 70520233B6
@00001BF0 2B5EFAB8E4 469A9D1251 35D8D6D7CA 5A42D922C3 4ADDDF3FF2 5C4465560E
@00001BF6 19D34C9C9A 16E2DAD6B7 5A715D03B1 7B0DAE2926 12DE03007F 0C040B8135
@00001BFC 578C78651F 258E342E7F 37FA5FB53D 3D52D8F99F 6F2DD369B5 009E67427F
@00001C02 371BD7D2E3 6D891C57B4 2C3ABA929C 00D86705B5 6C5D520CA2 7C6D06C5A2
@00001C08 67A0814931 4F005F617E 2122EA48C3 41F25897A3 3557F96CBC 4A20FFB8BF
@00001C0E 4EF6886C9C 3BC8BBBB3B 12D1E7C0B5 72906EDB87 488167A6BB 131BBFF42C
@00001C14 0FB365B71F 43C0C0BBA3 63B1C93723 421A441984 2B66BD6368 32BBD756D3
@00001C1A 2A8E22AADD 1846A3392C 0A3158AEC3 113381BF5D 6FF8061759 3604F1DBF2
@00001C20 4BBB16138E 1B31366257 1F6C856DBF 674D265DC6 0BC02CD014 428866CEFE
@00001C26 395403682A 6B1B056F97 468F2DEFBD 188B3EB7A0 3C9287EF92 2C140D1EAA
@00001C2C 54E6CF9EE2 6151FC4411 5ED7315BC1 52FDB98358 0C4B3B469B 1610A8153C
@00001C32 4B05530159 796A4AE286 018FE18473 4220DF4CFC 01ACFB9ADA 65F74D0599
@00001C38 1D28DF7FE9 234B2DA2D6 5288D5699F 4BC0A7A58E 3D1533B18F 7080599DFE
@00001C3E 0281F4B43D 758B2D9D49 191F8B19DD 5151005D2A 4253A87252 19584EAD95
@00001C44 02A5AFEB95 6EB139CC82 59991A5868 7CF61F19F6 79B1052EC3 44BD6F3778
@00001C4A 4FC9E190EC 4696CABECB 54ED4F0AC1 2435083E57 2E53A6AC01 478CBFDA33
@00001C50 323568E3FB 5962356A78 703AB4920D 3A7E0B7FE4 08116E0803 00975F90F9
@00001C56 5A2EF16768 5E68510491 17D0CC403E 73D0E8898D 3E9E32795A 18DA97A646
@00001C5C 74180C81DB 468274FFDB 16B940FA14 174BB23DA4 259467EDA7 63C3444D1F
@00001C62 564B291DDF 7DE9A7C457 5F8900B3B9 02A51444A3 04A6B78E7F 67A25C7F41
@00001C68 0898E089B0 7F31A887FF 747030012F 65A5753356 319CF411A5 3C2B9FB8F4
@00001C6E 382345AA7F 43ECADCC97 038BE38942 0043016534 3427B8D559 1AA2F0D557
@00001C74 00F200E042 1D6FDFC280 095BB28D04 2316F13C6E 0E87B2C125 448E992B26
@00001C7A 0A4C2068CA 493146DFB1 6E21E67196 56129D1FC5 466D858CC3 3C6E79A663
@00001C80 54E294366D 6EC3669F46 238950CF95 443DA0DF77 614E3FDC37 649A062A78
@00001C86 1CED8F8E99 14CC958C8F 59DBAFA623 6C108393EF 6BB454457D 58C4A23CD2
@00001C8C 60F478C1F1 12F5871FE3 32142FC61E 26DD21880B 11ADD832B4 3D477CE388
@00001C92 6BEDF0112A 581E9F670C 475B428047 06744BEF6B 39DA74381D 544A1D97DA
@00001C98 43E1BF6DCD 68043E4FFD 39A7B508B4 11C9EFA2B8 2ACDDEBF23 6CB5CEFF67
@00001C9E 4614B84E13 6BCD45B0EE 7A208E1C47 1DE07ED5D2 12BBFB62BD 427B09C0AF
@00001CA4 2C0580FF1A 1CE188F8A0 056CC0E42A 08139AF066 02737B95DB 3BD7ACF31D
@00001CAA 1E7F91A8E0 2BE05F5A89 79535B8732 54CCE1CBB3 26AE158D19 25989025DC
@00001CB0 1D31CF3842 1C443E3D61 6B790C3CBE 6A4CE7F29B 5C0FAD07CE 2EB68DDBAB
@00001CB6 07C9E1DB27 0E28868138 7AA89418E0 1BDCC52028 777B6B5325 29FC2A2FD0
@00001CBC 097A73F5F1 0542FAE511 4679D01DFD 2894955C68 006BB691B7 659BD38DDD
@00001CC2 377682A17C 4DA37EF139 068CBBC272 4BC40B9B33 06840A5905 0E0F63B3A2
@00001CC8 12BD352F55 40C414EA8A 3CA3BD1F85 5D00386986 74D7CC5D68 57B7035378
@00001CCE 660E00FAC0 1FFD67131E 486CD75ECE 0FF4CDBF3B 1ED8A24D9E 4973A93C50
@00001CD4 55FB525BF1 60F0CFD71F 1B1048E9B4 3412775B54 1D4707D130 44AF7C021D
@00001CDA 5E81FAE45D 170EA2D98F 741FA66937 6F394602E4 5DCC86C492 12B05D08BF
@00001CE0 4431DF4EF0 52BDF9879B 39720BDCDC 3A94D711B9 77D2462BC7 30EF4B37D2
@00001CE6 0D229F5C6C 4C04D8B9A4 74EC06E4F2 6F58FE5FAC 5B23859581 5D89A031B7
@00001CEC 25F986BA1A 16B2D3E356 3509F3E65F 1EA575C2E7 55FEA192AC 76AAA5C7CB
@00001CF2 41A3E930DE 20D164E94E 35C0AA478D 242272FB50 498B193516 2115523324
@00001CF8 1472742669 0A986079A5 5CE7E68508 3B6AD28C93 2B040ED001 54F08B3CEC
@00001CFE 12F0412A43 3D447A52DB 0A2B11189D 2A748BC1C0 47D044D33C 15BD7F2200
@00001D04 4A83A9ACF6 7C7CD697A4 5720DCCC00 22B66CEBF2 2697A8A5AC 7A552907AC
@00001D0A 771099CEC4 782E04323B 4D56A52D1E 20666C5D27 10ED21418F 642DA7AB70
@00001D10 49ADACCAF1 7105359CC2 4183F95D4C 7AFA0BF71E 3A628FF285 75948E0342
@00001D16 58C1D7A65C 65256D7056 043BBE76C0 17B5260584 51004BACCC 7B9DA55684
@00001D1C 75C1FCDD2C 489259DC4D 4386014E44 502D88D1C3 77560F3FF5 5C85E9494F
@00001D22 1C483463A7 113FE4756C 26768ECAA4 40CC084D5B 487F6B5B2A 0C6F510101
@00001D28 13BBFB53E4 5D03B4A5C4 55F01481CC 62900F1669 01DA2788F6 1BBD80996F
@00001D2E 3B137A673F 23E0860769 1325CD02CB 55C365B601 1800FD4ACE 1821139C80
@00001D34 112B2F9985 3FAE422B0D 1701E6E8E5 32C21B8AC3 244C44FEB2 7A86EA78C3
@00001D3A 5BC4F3FD18 37817861AF 13BD35F60F 7215242067 5E03B23853 2E691AE97F
@00001D40 6D1BA5F197 1E15704975 438F1D6F94 330C84A6B7 36ABC786E9 7B8D79587A
@00001D46 3E479FAF3C 005B897B6C 3FF77225E4 6D05368C04 3408DFD84A 2E7AFCC605
@00001D4C 29508EC1F8 0CBF8138BF 760537E24B 34C9E5DABD 691924FD1F 65EBD32DCA
@00001D52 2B61175DD4 25844DF9C8 7522734DB8 44708B7967 6F5A10BE14 30B0BB7C71
@00001D58 7FC52DF2F9 001B331379 23CB69FFD2 629CE37D82 0ABFEB4C40 6C6BD8EDD8
@00001D5E 1A98419339 4833150730 34D3E89855 1A59528F1C 7CEE8B1AED 518BDC7C38
@00001D64 5A5996F112 106751F6E7 6D60FEE2E5 36E5F1B04D 60CD4D7CBB 608FE4FD63
@00001D6A 1C8564E259 2101CE7962 08027E84EE 601591C144 64F4DA8D36 6DE1E7D417
@00001D70 013C539DD7 7D45B99144 16A5044B7E 1750220C76 634BE7590D 1B1492ACB2
@00001D76 2485699D04 7854541D0F 0669B9C425 7160490C00 176E129087 3E109CC2E7
@00001D7C 67937F21F5 2D08367E51 5CD1C2F358 4258F4B37B 7F8D916D5F 62F91B3B2A
@00001D82 39335E3F63 05171D81D9 6F1D491944 1F798A30BB 3935AC0AA1 6FC3B3CA05
@00001D88 1AAB9C3867 0B7751425B 58B3544E1C 586001CED3 487FC89E65 15B364A2C8
@00001D8E 2254A7FB6A 1B3442A3F9 77CDA76D36 66055CAE32 4ECFEC8A76 6CD477F9BF
@00001D94 20F53E4DE1 48CB874A92 0835033324 1704F4C98D 73BF41268E 499A9340D0
@00001D9A 45F58776CC 441935630F 3E1E0E6A6C 52589C8A93 646FC2804E 4487BC89AB
@00001DA0 502E903E05 6BECFAE130 4345B30D7A 67FA549C89 7D544729FB 65E77B541C
@00001DA6 072383D4A3 6F6BD1EE16 7A8592B9D2 551FCEFA02 13DD1F940E 185EE4462C
@00001DAC 5EB105E99D 4A05000929 726719F613 33CE521E00 3247D475F9 6510F06BB5
@00001DB2 058320EE31 5F2236156F 4BEF695184 71BCE0B055 5DC8BB9157 52AD7072BD
@00001DB8 7DDB3861D2 5741627485 308B8D3B49 53F4BB64F8 616328A9EC 042DB583B1
@00001DBE 447F74E35E 198ACB5D84 1D4CDE5D38 5DCC1209FE 127CB48A69 507751A142
@00001DC4 3CECA91ADB 39D5B2C49C 3D3DD40B4B 1171214E39 6E55F66110 38C11125E2
@00001DCA 5FD8D6949E 0B8DBC8854 4F63F3461C 454A0E93F2 63E061CC3A 3930C71752
@00001DD0 5D2EC0A0C9 497FF9CF44 510C62D64C 3E04ACE78D 0B866859E6 3F896DDA74
@00001DD6 36ACCA900D 31DDF9E9A4 315EB29612 350A3BCF48 2BBE6C6E88 4E186E64B5
@00001DDC 567D28DBD5 617FCF5123 25228BB2B4 21EBAC5D6D 256DFACBDC 763089DFBB
@00001DE2 2860D68330 28B289BDE3 2B7E5066BA 493914D38E 2A10389938 4A1F727A1F
@00001DE8 34139DC617 49D69C671F 515E434902 2818BFE27A 0A4B8F4075 26434B93BD
@00001DEE 65924591AF 259FC978A8 35B89D36FD 54355662D5 3BC2BDA0F3 25D4D1AB84
@00001DF4 661E5F3B51 674ED87CD3 532B7C8159 1CA12E8712 395CB39B01 334A1925D6
@00001DFA 4E6521D4F3 7BA09D1E73 0CCD5A0C77 1E36410CA5 5347316B1C 0F2B035D35
@00001E00 095E50D79B 65840FF58A 588CBBEC31 39C0F76739 16456F4654 4E01AD694A
@00001E06 63DED2705B 72DE6C402C 2B1F21B2B7 3C451CA25F 0B351FF724 5111A16957
@00001E0C 20CD0EAD72 2C72D7FDB2 4ECE64BBF3 6D0806EF03 219C4BE940 7F9E3C3438
@00001E12 1F37743083 41CDF83610 3774922387 796582F0E7 5E37A5F211 4FC10C8A2E
@00001E18 5EFB7648E7 40B551CC64 1188F0F39D 569EE2A0E9 5535937FD4 6F0AA9B36D
@00001E1E 618A6FEAAB 436F522C6D 0DE839C6FF 59F91FA93A 6DAE759CFE 11995BE440
@00001E24 14DA9AB190 69C6841567 752444937D 426B6FB578 74CFC42195 15CF053DB6
@00001E2A 25C9DA8006 2804B1F40C 3BE7AF3C7C 1E47156D31 76A860255E 29394805CE
@00001E30 72B2FB9EF6 3AEA79B060 15799D6E31 08362A5382 58A5E03A0E 2EC0802FA6
@00001E36 4BF5838941 7B64A2AB50 1F876C4BD1 3A3C257D4B 5E981B9353 50C6195095
@00001E3C 5134EB9BB5 6BBD7BFB57 5F5F141BCA 3A17FDBF54 35B753A813 09EAEE1094
@00001E42 69BC916DA9 19FD03F177 0F36E71D33 661E815862 5203FA3750 379AD1F32D
@00001E48 78CDE73EEF 5B4240C37C 7C1DAE7365 168F29ADB9 7F17891AA8 022EEB4887
@00001E4E 527FFB26D9 0302DD6F53 38075D1EDC 2BC141DFCA 6023D4C2DE 0902DDE9E6
@00001E54 781FA114FF 2FCF6FE62E 029F21734A 386E58BCF7 0DD7273490 70B03DDE31
@00001E5A 303EF62AE1 20FF176E76 11007D91EC 4D0A3247F9 51C2A4DA5A 3E2450DD01
@00001E60 4556ABB8D6 250CEE3F83 7CDBBB629D 3B8B53C688 6B6CB7DD9C 59DE87010D
@00001E66 320067D51F 18179A48E8 7600DA7940 3637FD27A7 4565E22D5B 0B385C52C9
@00001E6C 570BE7747B 4C4CF4875D 596ED23C3D 4511ED5F82 2268E8F19A 1C5B6EAD2A
@00001E72 25DBF8C087 35F3F1E17F 1F690451FF 480AA321E3 6D6A2B1CCB 045105D2D1
@00001E78 32848B6BE8 5C2F957B8D 5AD0BA60D3 68D969F70D 3A6D1D3991 66B129BC32
@00001E7E 72677FA7C0 2C0A40E722 431D160726 26769B0EBB 30158AC733 2F06E43C41
@00001E84 3E2C3BC7D3 761640C87C 6EDD99DB5F 2EACB4FA11 50998DBFC0 50458A02E0
@00001E8A 3F540DD369 406E726191 22A5CA832D 225F56A679 72E7DA4B5E 202DAFC88F
@00001E90 1B033F9E96 49BEE23F9B 76EBB4C45E 06CCFB948F 45614FC63E 03CFD6AAA6
@00001E96 1AB0E1314A 50572D2662 30E6F83362 6831C36B3B 709F2FAC9B 51A1313D50
@00001E9C 7917208DC0 7B36F51F3F 3D4DEA48F8 4AB403A840 5C9514AA02 1B25AAB1A7
@00001EA2 51F52DA80F 7AD9E65461 1FE1F976A9 475E684B15 2756E35548 204371B6CD
@00001EA8 2CBAE606D2 07AE2457DA 3D053CAD88 0CC4755B8A 5D18D88C9B 20FBED5F95
@00001EAE 7F97E7E291 69B164BC90 1E39329954 2DD7025DF3 6B2E0E89E3 3A3CFC9368
@00001EB4 53378B960F 0A1605A6AE 0C835A4362 09F53BB1CB 0E17CBAE05 09BCF72E3D
@00001EBA 4E942BED28 42F59C466F 0A66C41857 6DA00DF31F 64C5F119A1 4D029B5B15
@00001EC0 7CE39EA57F 78966EA260 5AB966B6FD 291D4391FA 4735AA43C7 7906146510
@00001EC6 3151663D90 1AB6274C2E 74CFDD52F8 44E18455E6 58D02777F2 7A40765CE9
@00001ECC 2F8A5CFC34 61ABD98A1E 7736FCAE80 410D40ED69 48C2D85BA8 5AA56B46CA
@00001ED2 78953D114D 17A8F79D30 1937E1DA11 5CA644E58A 068ED74563 69B8F7DDE5
@00001ED8 6A6E2758E4 3E4E366FD9 67F9285B69 12C8634DCF 3B95865917 58F503E825
@00001EDE 20F46585E2 16C9DAF0A0 1D5A205170 3B2179B92A 414E3FF3B8 0A3E7A1296
@00001EE4 362EE3DC96 7B6B1ADB49 5335C64742 1D30902B5A 4204D859C4 2508A98F0D
@00001EEA 648A72412A 337C8A55D9 1C8E12EF72 68446135CB 748CCC4DAF 5DAD9EB810
@00001EF0 495CC9EAB1 701564A70C 427D078C41 0E03392635 6A6FA8AA08 7870DF53EB
@00001EF6 278A9DDCF1 1AE47CDE1B 3A134D3E7A 76A120DDFB 19AF94BCB1 7C85481096
@00001EFC 6675C71444 66900ECE13 11F730D531 641E6773A7 51F4EDED4C 46ADEAD0F2
@00001F02 6E57775ABA 158A6F6CBB 4C8F52CD97 1E1146207D 2724385C0F 6D2175AD9C
@00001F08 05E1899E67 264B06D726 49885978DE 3388CB8449 403AA6874A 78957B0DF4
@00001F0E 6E48B4679C 130F8CAE0B 738FC66813 227FFEEAD8 590F52987C 27123FE016
@00001F14 6BDD7FE49B 05F1D9C315 42B6918914 40DD7DEF94 0E3D7D957B 6C8E929D1D
@00001F1A 5851362E68 15EDFFA569 74DA792ABA 291A92203B 39D394C62A 069E71F836
@00001F20 03DAB7704B 7D065F0BF3 202A8FA43D 5E6932BB15 325A3EDB56 0DA5DEE6AA
@00001F26 4329761348 614C17BC5D 2AA496C3D0 58F57F2170 48A8B1F68B 0D0D74525B
@00001F2C 12DCAA90FF 5C9BB87C8D 25A3CD57E5 6F28DA3044 201E82E4A6 151C90F239
@00001F32 4871CEEE6D 48DD33135A 1DAED5B19E 74841BDEC6 60EF990EC9 314AF03B77
@00001F38 572E67E428 00FD30321C 1065685601 1B7122C2A0 260B7B375E 4FCC3F0ACC
@00001F3E 68F79CEF13 2ED9CCB65D 09D7C7DA18 23467C97E1 5E9044243E 1F8080E2C3
@00001F44 3A11B5D75B 3740221EC6 4D54F7CE2F 1EDD7C5A23 2A18D595B1 77A76BCA2D
@00001F4A 144D0B4B7A 152F396159 7E2E663F10 74B6B70FE1 12BA94709C 32FF141A2B
@00001F50 7AC94A3BE3 256BBBBBD6 102D8BBE32 28E0BEAC95 22680DBD0F 2198FA9CB0
@00001F56 37ED0949E3 34B2FE9E65 1C968895D1 58C5B2C8C0 15E9DD17E4 16A53959FB
@00001F5C 59A68126AB 22EDBEF0B9 3E64CDB77A 792BBAAACD 325750E2CC 5929579B91
@00001F62 6943601472 56282B8169 122EE9C7F9 1916A77968 57FEB22EC6 2C71DE0D36
@00001F68 13931A38D4 4B192AA8CF 78D97CC4E0 78C0411467 1C73E1F0E9 0FD4431D03
@00001F6E 772EC6EF0F 0367CF6359 264110CFFF 26B4C0DA98 27D5D87697 69BDC52D93
@00001F74 7FF7507F82 06B47B139B 1F37DA3F0F 2F94636232 40446FCAD9 60C0EFD5CE
@00001F7A 75C7E0D4FB 2DDBE5DF88 575B0F8E16 4C22A29DDE 2143982E2B 700660E192
@00001F80 76AF9E13DC 594B723118 3AB2A863FD 7EE292E8F5 0F5B3CE3B7 65AB73DC12
@00001F86 3AFF8701B7 460343786C 029443568C 1C3C7ACDAF 21A2014C9B 54BA8F564E
@00001F8C 7903AB2899 6A16B07081 228B4DF837 2BD5B4E18E 5B13E85343 739CD204D3
@00001F92 3231C5C537 591660139D 00D17DF693 085E666484 68C589E7E2 7ECF886514
@00001F98 5DDE9E2554 5EC2A65A9C 271842BC2A 4F0CDCE9FF 64DDAB7858 4EC48E2966
@00001F9E 3C890E5366 13E535E303 0F37B8B0C9 6D08E8BED4 0A3F5F09F6 454314888F
@00001FA4 571F1364AD 401CC027D2 3E12EFA389 489375202F 251C3433FF 5A9A31FC56
@00001FAA 1E742939A4 5C01122B1F 4B2FAEBEC5 6E08683AEA 52697DF3E7 368E86BB36
@00001FB0 028E5CBD5B 489129BBD6 3384BAEA80 7818A80FDC 2E482FBCCF 02DA3BBBF7
@00001FB6 2B053AD14A 3CECA467AD 3ACD3DE96A 52AC39EFB6 7DAC514F4C 38E4168AFC
@00001FBC 739CB5FE9E 10EAE41B80 61816F3E72 2D27AC79F7 7344115105 0A994BD7BC
@00001FC2 08B9D7804A 4D50F1DEFF 52AA748CBB 64AECC4317 57E17B7A91 73CC221707
@00001FC8 2F3E37847E 0772C11D9D 336D01C813 6537942727 4E33D74E2F 0145DAC8CE
@00001FCE 265621025E 11058F1E74 735198C28D 1C044E0D36 08A572E040 1814C9E4D7
@00001FD4 2FC1D74C72 73310E315A 492C7B9E1A 0F15BD7822 351DD7A235 01547FFF69
@00001FDA 5060AC8E3E 708FD3530D 23A1E74C7E 1E95EC80DE 792B18D344 5EFDDD23EF
@00001FE0 613E694924 1165DF4898 09A82BCED7 797FDADB24 7C17107BE2 3EC47530B8
@00001FE6 742DA25B14 6E404F7B3B 7042E09EC4 4D248D10CA 13BCEAB8A8 2CBF21495F
@00001FEC 3CD8BB94FA 22BC822449 2BF28D07EF 1E7600FE42 199F6FABAC 432DE4D0E7
@00001FF2 4628911E92 7D1969F024 6E3B9D8547 06CD4CE96D 0D961074CD 7A7AFF6B24
@00001FF8 341D5093A0 7DEF662851 6C9FB91929 5F30E79B32 41FE7773CD 5E9E98FDF5
@00001FFE 542CFFBCA7 4A49C699EF
